year,date,trips,day_of_year
2016,2016-07-01,1555,183
2016,2016-07-02,2517,184
2016,2016-07-03,2519,185
2016,2016-07-04,2843,186
2016,2016-07-05,3123,187
2016,2016-07-06,3296,188
2016,2016-07-07,3075,189
2016,2016-07-08,3277,190
2016,2016-07-09,2836,191
2016,2016-07-10,3278,192
2016,2016-07-11,3537,193
2016,2016-07-12,3788,194
2016,2016-07-13,3749,195
2016,2016-07-14,3496,196
2016,2016-07-15,3790,197
2016,2016-07-16,3846,198
2016,2016-07-17,3765,199
2016,2016-07-18,3749,200
2016,2016-07-19,4155,201
2016,2016-07-20,4163,202
2016,2016-07-21,4328,203
2016,2016-07-22,3783,204
2016,2016-07-23,3393,205
2016,2016-07-24,3361,206
2016,2016-07-25,3236,207
2016,2016-07-26,4203,208
2016,2016-07-27,4054,209
2016,2016-07-28,4135,210
2016,2016-07-29,4225,211
2016,2016-07-30,3791,212
2016,2016-07-31,2518,213
2016,2016-08-01,3696,214
2016,2016-08-02,4455,215
2016,2016-08-03,4559,216
2016,2016-08-04,4537,217
2016,2016-08-05,4346,218
2016,2016-08-06,4215,219
2016,2016-08-07,4232,220
2016,2016-08-08,4690,221
2016,2016-08-09,4647,222
2016,2016-08-10,4552,223
2016,2016-08-11,4346,224
2016,2016-08-12,4086,225
2016,2016-08-13,2462,226
2016,2016-08-14,3400,227
2016,2016-08-15,4514,228
2016,2016-08-16,2933,229
2016,2016-08-17,4456,230
2016,2016-08-18,4621,231
2016,2016-08-19,4627,232
2016,2016-08-20,4100,233
2016,2016-08-21,3985,234
2016,2016-08-22,4239,235
2016,2016-08-23,4776,236
2016,2016-08-24,4879,237
2016,2016-08-25,3632,238
2016,2016-08-26,4489,239
2016,2016-08-27,4323,240
2016,2016-08-28,3639,241
2016,2016-08-29,4273,242
2016,2016-08-30,4537,243
2016,2016-08-31,4191,244
2016,2016-09-01,4430,245
2016,2016-09-02,4380,246
2016,2016-09-03,4026,247
2016,2016-09-04,4657,248
2016,2016-09-05,4313,249
2016,2016-09-06,4219,250
2016,2016-09-07,4181,251
2016,2016-09-08,3913,252
2016,2016-09-09,5050,253
2016,2016-09-10,3267,254
2016,2016-09-11,3515,255
2016,2016-09-12,4788,256
2016,2016-09-13,5079,257
2016,2016-09-14,5022,258
2016,2016-09-15,5073,259
2016,2016-09-16,5325,260
2016,2016-09-17,2292,261
2016,2016-09-18,3829,262
2016,2016-09-19,4903,263
2016,2016-09-20,5239,264
2016,2016-09-21,5149,265
2016,2016-09-22,5147,266
2016,2016-09-23,4316,267
2016,2016-09-24,4179,268
2016,2016-09-25,3753,269
2016,2016-09-26,3430,270
2016,2016-09-27,4651,271
2016,2016-09-28,4832,272
2016,2016-09-29,2909,273
2016,2016-09-30,4273,274
2017,2017-01-01,487,1
2017,2017-01-02,1632,2
2017,2017-01-03,2013,3
2017,2017-01-04,1442,4
2017,2017-01-05,1411,5
2017,2017-01-06,5101,6
2017,2017-02-01,775,32
2017,2017-02-02,1799,33
2017,2017-02-03,1844,34
2017,2017-02-04,2257,35
2017,2017-02-05,2606,36
2017,2017-02-06,5196,37
2017,2017-03-01,918,60
2017,2017-03-02,1599,61
2017,2017-03-03,1628,62
2017,2017-03-04,2398,63
2017,2017-03-05,3885,64
2017,2017-03-06,5040,65
2017,2017-04-01,1359,91
2017,2017-04-02,842,92
2017,2017-04-03,830,93
2017,2017-04-04,1195,94
2017,2017-04-05,2301,95
2017,2017-04-06,3241,96
2017,2017-05-01,1202,121
2017,2017-05-02,709,122
2017,2017-05-03,725,123
2017,2017-05-04,2852,124
2017,2017-05-05,658,125
2017,2017-05-06,4224,126
2017,2017-06-01,1189,152
2017,2017-06-02,1714,153
2017,2017-06-03,2055,154
2017,2017-06-04,1135,155
2017,2017-06-05,1558,156
2017,2017-06-06,3052,157
2017,2017-07-01,5813,182
2017,2017-07-02,7018,183
2017,2017-07-03,7961,184
2017,2017-07-04,8379,185
2017,2017-07-05,11633,186
2017,2017-07-06,12403,187
2017,2017-07-07,6121,188
2017,2017-07-08,6445,189
2017,2017-07-09,5075,190
2017,2017-07-10,6316,191
2017,2017-07-11,7152,192
2017,2017-07-12,9058,193
2017,2017-07-13,5332,194
2017,2017-07-14,6691,195
2017,2017-07-15,7424,196
2017,2017-07-16,5473,197
2017,2017-07-17,6451,198
2017,2017-07-18,7287,199
2017,2017-07-19,10963,200
2017,2017-07-20,6511,201
2017,2017-07-21,6958,202
2017,2017-07-22,4861,203
2017,2017-07-23,5268,204
2017,2017-07-24,6377,205
2017,2017-07-25,7233,206
2017,2017-07-26,10739,207
2017,2017-07-27,6285,208
2017,2017-07-28,7527,209
2017,2017-07-29,7478,210
2017,2017-07-30,6495,211
2017,2017-07-31,6991,212
2017,2017-08-01,7475,213
2017,2017-08-02,9121,214
2017,2017-08-03,9446,215
2017,2017-08-04,7103,216
2017,2017-08-05,8930,217
2017,2017-08-06,11934,218
2017,2017-08-07,4310,219
2017,2017-08-08,7522,220
2017,2017-08-09,7878,221
2017,2017-08-10,8174,222
2017,2017-08-11,7035,223
2017,2017-08-12,6441,224
2017,2017-08-13,7466,225
2017,2017-08-14,7650,226
2017,2017-08-15,7612,227
2017,2017-08-16,8358,228
2017,2017-08-17,5214,229
2017,2017-08-18,7656,230
2017,2017-08-19,7040,231
2017,2017-08-20,7844,232
2017,2017-08-21,8137,233
2017,2017-08-22,7160,234
2017,2017-08-23,8503,235
2017,2017-08-24,7737,236
2017,2017-08-25,8064,237
2017,2017-08-26,7823,238
2017,2017-08-27,6661,239
2017,2017-08-28,7243,240
2017,2017-08-29,8161,241
2017,2017-08-30,7886,242
2017,2017-08-31,7658,243
2017,2017-09-01,8098,244
2017,2017-09-02,8304,245
2017,2017-09-03,7967,246
2017,2017-09-04,9057,247
2017,2017-09-05,10306,248
2017,2017-09-06,13448,249
2017,2017-09-07,6619,250
2017,2017-09-08,7716,251
2017,2017-09-09,6784,252
2017,2017-09-10,6701,253
2017,2017-09-11,7795,254
2017,2017-09-12,8231,255
2017,2017-09-13,8440,256
2017,2017-09-14,8303,257
2017,2017-09-15,8668,258
2017,2017-09-16,7863,259
2017,2017-09-17,7711,260
2017,2017-09-18,7943,261
2017,2017-09-19,8296,262
2017,2017-09-20,8670,263
2017,2017-09-21,8744,264
2017,2017-09-22,8881,265
2017,2017-09-23,7959,266
2017,2017-09-24,6908,267
2017,2017-09-25,7890,268
2017,2017-09-26,8419,269
2017,2017-09-27,8298,270
2017,2017-09-28,7680,271
2017,2017-09-29,5933,272
2017,2017-09-30,5699,273
2017,2017-10-01,622,274
2017,2017-10-02,1206,275
2017,2017-10-03,1758,276
2017,2017-10-04,3236,277
2017,2017-10-05,3665,278
2017,2017-10-06,5126,279
2017,2017-11-01,1637,305
2017,2017-11-02,643,306
2017,2017-11-03,727,307
2017,2017-11-04,3657,308
2017,2017-11-05,3675,309
2017,2017-11-06,4839,310
2017,2017-12-01,1826,335
2017,2017-12-02,284,336
2017,2017-12-03,655,337
2017,2017-12-04,3075,338
2017,2017-12-05,3880,339
2017,2017-12-06,5241,340
2018,2018-01-01,246,1
2018,2018-01-02,957,2
2018,2018-01-03,1185,3
2018,2018-01-04,1172,4
2018,2018-01-05,785,5
2018,2018-01-06,398,6
2018,2018-01-07,528,7
2018,2018-01-08,1017,8
2018,2018-01-09,1899,9
2018,2018-01-10,1886,10
2018,2018-01-11,1784,11
2018,2018-01-12,748,12
2018,2018-01-13,515,13
2018,2018-01-14,661,14
2018,2018-01-15,1285,15
2018,2018-01-16,1443,16
2018,2018-01-17,1680,17
2018,2018-01-18,1855,18
2018,2018-01-19,2150,19
2018,2018-01-20,1551,20
2018,2018-01-21,1349,21
2018,2018-01-22,1401,22
2018,2018-01-23,2527,23
2018,2018-01-24,2258,24
2018,2018-01-25,2281,25
2018,2018-01-26,2667,26
2018,2018-01-27,1481,27
2018,2018-01-28,1657,28
2018,2018-01-29,1728,29
2018,2018-01-30,1238,30
2018,2018-01-31,1527,31
2018,2018-02-01,2181,32
2018,2018-02-02,1674,33
2018,2018-02-03,917,34
2018,2018-02-04,558,35
2018,2018-02-05,1448,36
2018,2018-02-06,1937,37
2018,2018-02-07,736,38
2018,2018-02-08,1333,39
2018,2018-02-09,932,40
2018,2018-02-10,335,41
2018,2018-02-11,369,42
2018,2018-02-12,1487,43
2018,2018-02-13,1766,44
2018,2018-02-14,2308,45
2018,2018-02-15,2423,46
2018,2018-02-16,2259,47
2018,2018-02-17,1054,48
2018,2018-02-18,1257,49
2018,2018-02-19,775,50
2018,2018-02-20,1926,51
2018,2018-02-21,2045,52
2018,2018-02-22,2636,53
2018,2018-02-23,2269,54
2018,2018-02-24,1870,55
2018,2018-02-25,2049,56
2018,2018-02-26,3371,57
2018,2018-02-27,3907,58
2018,2018-02-28,3909,59
2018,2018-03-01,3288,60
2018,2018-03-02,2456,61
2018,2018-03-03,2353,62
2018,2018-03-04,1780,63
2018,2018-03-05,3018,64
2018,2018-03-06,2941,65
2018,2018-03-07,3429,66
2018,2018-03-08,3193,67
2018,2018-03-09,3123,68
2018,2018-03-10,1988,69
2018,2018-03-11,1878,70
2018,2018-03-12,2866,71
2018,2018-03-13,2841,72
2018,2018-03-14,2905,73
2018,2018-03-15,3021,74
2018,2018-03-16,2580,75
2018,2018-03-17,2094,76
2018,2018-03-18,2083,77
2018,2018-03-19,2850,78
2018,2018-03-20,3282,79
2018,2018-03-21,3473,80
2018,2018-03-22,3411,81
2018,2018-03-23,3321,82
2018,2018-03-24,2314,83
2018,2018-03-25,1941,84
2018,2018-03-26,3561,85
2018,2018-03-27,2429,86
2018,2018-03-28,4015,87
2018,2018-03-29,2190,88
2018,2018-03-30,2318,89
2018,2018-03-31,2027,90
2018,2018-04-01,1810,91
2018,2018-04-02,3319,92
2018,2018-04-03,2739,93
2018,2018-04-04,2695,94
2018,2018-04-05,3352,95
2018,2018-04-06,2741,96
2018,2018-04-07,2111,97
2018,2018-04-08,1858,98
2018,2018-04-09,3615,99
2018,2018-04-10,3773,100
2018,2018-04-11,3276,101
2018,2018-04-12,3332,102
2018,2018-04-13,2801,103
2018,2018-04-14,413,104
2018,2018-04-15,107,105
2018,2018-04-16,541,106
2018,2018-04-17,2166,107
2018,2018-04-18,3205,108
2018,2018-04-19,3384,109
2018,2018-04-20,3956,110
2018,2018-04-21,4201,111
2018,2018-04-22,5002,112
2018,2018-04-23,5306,113
2018,2018-04-24,4375,114
2018,2018-04-25,1572,115
2018,2018-04-26,5612,116
2018,2018-04-27,5594,117
2018,2018-04-28,1983,118
2018,2018-04-29,3596,119
2018,2018-04-30,6348,120
2018,2018-05-01,7209,121
2018,2018-05-02,7382,122
2018,2018-05-03,4163,123
2018,2018-05-04,4486,124
2018,2018-05-05,6770,125
2018,2018-05-06,4457,126
2018,2018-05-07,6872,127
2018,2018-05-08,7688,128
2018,2018-05-09,7876,129
2018,2018-05-10,5837,130
2018,2018-05-11,6024,131
2018,2018-05-12,4906,132
2018,2018-05-13,5906,133
2018,2018-05-14,7379,134
2018,2018-05-15,5071,135
2018,2018-05-16,7638,136
2018,2018-05-17,7947,137
2018,2018-05-18,6932,138
2018,2018-05-19,2690,139
2018,2018-05-20,6539,140
2018,2018-05-21,7265,141
2018,2018-05-22,5327,142
2018,2018-05-23,8426,143
2018,2018-05-24,8744,144
2018,2018-05-25,8827,145
2018,2018-05-26,8199,146
2018,2018-05-27,9088,147
2018,2018-05-28,8547,148
2018,2018-05-29,8794,149
2018,2018-05-30,8787,150
2018,2018-05-31,6974,151
2018,2018-06-01,8344,152
2018,2018-06-02,7811,153
2018,2018-06-03,5110,154
2018,2018-06-04,7336,155
2018,2018-06-05,7437,156
2018,2018-06-06,10221,157
2018,2018-06-07,8796,158
2018,2018-06-08,8798,159
2018,2018-06-09,8336,160
2018,2018-06-10,7853,161
2018,2018-06-11,8325,162
2018,2018-06-12,8697,163
2018,2018-06-13,9351,164
2018,2018-06-14,9252,165
2018,2018-06-15,9373,166
2018,2018-06-16,8882,167
2018,2018-06-17,7055,168
2018,2018-06-18,7321,169
2018,2018-06-19,9354,170
2018,2018-06-20,13303,171
2018,2018-06-21,9720,172
2018,2018-06-22,8526,173
2018,2018-06-23,4266,174
2018,2018-06-24,3723,175
2018,2018-06-25,9455,176
2018,2018-06-26,9551,177
2018,2018-06-27,9160,178
2018,2018-06-28,9464,179
2018,2018-06-29,9113,180
2018,2018-06-30,6904,181
2018,2018-07-01,7405,182
2018,2018-07-02,6648,183
2018,2018-07-03,9332,184
2018,2018-07-04,10273,185
2018,2018-07-05,8125,186
2018,2018-07-06,9964,187
2018,2018-07-07,9428,188
2018,2018-07-08,9256,189
2018,2018-07-09,9480,190
2018,2018-07-10,9723,191
2018,2018-07-11,10271,192
2018,2018-07-12,10304,193
2018,2018-07-13,9710,194
2018,2018-07-14,7552,195
2018,2018-07-15,8604,196
2018,2018-07-16,7793,197
2018,2018-07-17,10324,198
2018,2018-07-18,10970,199
2018,2018-07-19,10743,200
2018,2018-07-20,10452,201
2018,2018-07-21,9354,202
2018,2018-07-22,4585,203
2018,2018-07-23,9020,204
2018,2018-07-24,8866,205
2018,2018-07-25,10365,206
2018,2018-07-26,9064,207
2018,2018-07-27,10233,208
2018,2018-07-28,8963,209
2018,2018-07-29,9093,210
2018,2018-07-30,9979,211
2018,2018-07-31,10437,212
2018,2018-08-01,9859,213
2018,2018-08-02,10179,214
2018,2018-08-03,9597,215
2018,2018-08-04,9364,216
2018,2018-08-05,8349,217
2018,2018-08-06,5963,218
2018,2018-08-07,9256,219
2018,2018-08-08,5882,220
2018,2018-08-09,9645,221
2018,2018-08-10,10492,222
2018,2018-08-11,10134,223
2018,2018-08-12,9532,224
2018,2018-08-13,10077,225
2018,2018-08-14,10589,226
2018,2018-08-15,10106,227
2018,2018-08-16,9634,228
2018,2018-08-17,6948,229
2018,2018-08-18,9111,230
2018,2018-08-19,9470,231
2018,2018-08-20,10076,232
2018,2018-08-21,4645,233
2018,2018-08-22,9101,234
2018,2018-08-23,10315,235
2018,2018-08-24,10314,236
2018,2018-08-25,6773,237
2018,2018-08-26,8311,238
2018,2018-08-27,7945,239
2018,2018-08-28,9796,240
2018,2018-08-29,10097,241
2018,2018-08-30,9781,242
2018,2018-08-31,9878,243
2018,2018-09-01,9494,244
2018,2018-09-02,8580,245
2018,2018-09-03,8845,246
2018,2018-09-04,9713,247
2018,2018-09-05,9665,248
2018,2018-09-06,9949,249
2018,2018-09-07,10162,250
2018,2018-09-08,7938,251
2018,2018-09-09,5672,252
2018,2018-09-10,1851,253
2018,2018-09-11,9472,254
2018,2018-09-12,9917,255
2018,2018-09-13,10013,256
2018,2018-09-14,10026,257
2018,2018-09-15,9630,258
2018,2018-09-16,9170,259
2018,2018-09-17,9939,260
2018,2018-09-18,10683,261
2018,2018-09-19,9989,262
2018,2018-09-20,9235,263
2018,2018-09-21,8736,264
2018,2018-09-22,7205,265
2018,2018-09-23,7484,266
2018,2018-09-24,8247,267
2018,2018-09-25,5765,268
2018,2018-09-26,8802,269
2018,2018-09-27,8875,270
2018,2018-09-28,8313,271
2018,2018-09-29,6833,272
2018,2018-09-30,4798,273
2018,2018-10-01,4874,274
2018,2018-10-02,4173,275
2018,2018-10-03,7966,276
2018,2018-10-04,7981,277
2018,2018-10-05,6948,278
2018,2018-10-06,3646,279
2018,2018-10-07,3153,280
2018,2018-10-08,3668,281
2018,2018-10-09,9455,282
2018,2018-10-10,9827,283
2018,2018-10-11,8443,284
2018,2018-10-12,6918,285
2018,2018-10-13,4687,286
2018,2018-10-14,5131,287
2018,2018-10-15,5060,288
2018,2018-10-16,6223,289
2018,2018-10-17,6184,290
2018,2018-10-18,5961,291
2018,2018-10-19,6491,292
2018,2018-10-20,4622,293
2018,2018-10-21,3735,294
2018,2018-10-22,6577,295
2018,2018-10-23,5449,296
2018,2018-10-24,6258,297
2018,2018-10-25,6190,298
2018,2018-10-26,5903,299
2018,2018-10-27,2156,300
2018,2018-10-28,2411,301
2018,2018-10-29,5164,302
2018,2018-10-30,6590,303
2018,2018-10-31,4035,304
2018,2018-11-01,3165,305
2018,2018-11-02,3714,306
2018,2018-11-03,3305,307
2018,2018-11-04,3384,308
2018,2018-11-05,4512,309
2018,2018-11-06,4375,310
2018,2018-11-07,5101,311
2018,2018-11-08,4974,312
2018,2018-11-09,2421,313
2018,2018-11-10,2312,314
2018,2018-11-11,2462,315
2018,2018-11-12,4638,316
2018,2018-11-13,4697,317
2018,2018-11-14,4559,318
2018,2018-11-15,3088,319
2018,2018-11-16,2538,320
2018,2018-11-17,2308,321
2018,2018-11-18,2176,322
2018,2018-11-19,4640,323
2018,2018-11-20,4073,324
2018,2018-11-21,3621,325
2018,2018-11-22,3218,326
2018,2018-11-23,3991,327
2018,2018-11-24,1593,328
2018,2018-11-25,2478,329
2018,2018-11-26,1325,330
2018,2018-11-27,3468,331
2018,2018-11-28,3918,332
2018,2018-11-29,4288,333
2018,2018-11-30,3945,334
2018,2018-12-01,2197,335
2018,2018-12-02,2227,336
2018,2018-12-03,3537,337
2018,2018-12-04,4121,338
2018,2018-12-05,4138,339
2018,2018-12-06,3895,340
2018,2018-12-07,3267,341
2018,2018-12-08,1819,342
2018,2018-12-09,1844,343
2018,2018-12-10,3980,344
2018,2018-12-11,3649,345
2018,2018-12-12,3813,346
2018,2018-12-13,3771,347
2018,2018-12-14,3111,348
2018,2018-12-15,2556,349
2018,2018-12-16,2138,350
2018,2018-12-17,3853,351
2018,2018-12-18,3902,352
2018,2018-12-19,4149,353
2018,2018-12-20,3949,354
2018,2018-12-21,3124,355
2018,2018-12-22,1683,356
2018,2018-12-23,1408,357
2018,2018-12-24,1451,358
2018,2018-12-25,608,359
2018,2018-12-26,1147,360
2018,2018-12-27,1743,361
2018,2018-12-28,2306,362
2018,2018-12-29,1343,363
2018,2018-12-30,1135,364
2018,2018-12-31,1460,365
2019,2019-01-01,1064,1
2019,2019-01-02,2290,2
2019,2019-01-03,2279,3
2019,2019-01-04,3290,4
2019,2019-01-05,2160,5
2019,2019-01-06,1757,6
2019,2019-01-07,3037,7
2019,2019-01-08,3560,8
2019,2019-01-09,3532,9
2019,2019-01-10,3067,10
2019,2019-01-11,2663,11
2019,2019-01-12,1690,12
2019,2019-01-13,1393,13
2019,2019-01-14,3569,14
2019,2019-01-15,3689,15
2019,2019-01-16,3099,16
2019,2019-01-17,3168,17
2019,2019-01-18,2902,18
2019,2019-01-19,558,19
2019,2019-01-20,222,20
2019,2019-01-21,842,21
2019,2019-01-22,1655,22
2019,2019-01-23,1425,23
2019,2019-01-24,2428,24
2019,2019-01-25,2401,25
2019,2019-01-26,1205,26
2019,2019-01-27,356,27
2019,2019-01-28,580,28
2019,2019-01-29,356,29
2019,2019-01-30,573,30
2019,2019-01-31,652,31
2019,2019-02-01,943,32
2019,2019-02-02,784,33
2019,2019-02-03,1106,34
2019,2019-02-04,2682,35
2019,2019-02-05,3123,36
2019,2019-02-06,615,37
2019,2019-02-07,1482,38
2019,2019-02-08,1790,39
2019,2019-02-09,1024,40
2019,2019-02-10,1008,41
2019,2019-02-11,1965,42
2019,2019-02-12,315,43
2019,2019-02-13,572,44
2019,2019-02-14,1467,45
2019,2019-02-15,1689,46
2019,2019-02-16,894,47
2019,2019-02-17,657,48
2019,2019-02-18,456,49
2019,2019-02-19,1965,50
2019,2019-02-20,2050,51
2019,2019-02-21,2429,52
2019,2019-02-22,2729,53
2019,2019-02-23,1581,54
2019,2019-02-24,936,55
2019,2019-02-25,1849,56
2019,2019-02-26,2340,57
2019,2019-02-27,400,58
2019,2019-02-28,1207,59
2019,2019-03-01,1914,60
2019,2019-03-02,708,61
2019,2019-03-03,983,62
2019,2019-03-04,1832,63
2019,2019-03-05,1890,64
2019,2019-03-06,1981,65
2019,2019-03-07,2188,66
2019,2019-03-08,2495,67
2019,2019-03-09,1490,68
2019,2019-03-10,920,69
2019,2019-03-11,2682,70
2019,2019-03-12,3323,71
2019,2019-03-13,3307,72
2019,2019-03-14,3208,73
2019,2019-03-15,3522,74
2019,2019-03-16,1813,75
2019,2019-03-17,1849,76
2019,2019-03-18,3762,77
2019,2019-03-19,4010,78
2019,2019-03-20,4836,79
2019,2019-03-21,4439,80
2019,2019-03-22,3425,81
2019,2019-03-23,2565,82
2019,2019-03-24,2765,83
2019,2019-03-25,4189,84
2019,2019-03-26,4477,85
2019,2019-03-27,4987,86
2019,2019-03-28,4364,87
2019,2019-03-29,5605,88
2019,2019-03-30,949,89
2019,2019-03-31,1065,90
2019,2019-04-01,4219,91
2019,2019-04-02,5007,92
2019,2019-04-03,4762,93
2019,2019-04-04,5129,94
2019,2019-04-05,4132,95
2019,2019-04-06,5366,96
2019,2019-04-07,4001,97
2019,2019-04-08,5891,98
2019,2019-04-09,5384,99
2019,2019-04-10,5449,100
2019,2019-04-11,4140,101
2019,2019-04-12,5236,102
2019,2019-04-13,6522,103
2019,2019-04-14,1052,104
2019,2019-04-15,4444,105
2019,2019-04-16,5056,106
2019,2019-04-17,6465,107
2019,2019-04-18,6387,108
2019,2019-04-19,1325,109
2019,2019-04-20,1420,110
2019,2019-04-21,4282,111
2019,2019-04-22,6839,112
2019,2019-04-23,6050,113
2019,2019-04-24,6915,114
2019,2019-04-25,7065,115
2019,2019-04-26,3484,116
2019,2019-04-27,3528,117
2019,2019-04-28,5185,118
2019,2019-04-29,4383,119
2019,2019-04-30,6033,120
2019,2019-05-01,2980,121
2019,2019-05-02,5631,122
2019,2019-05-03,4425,123
2019,2019-05-04,4589,124
2019,2019-05-05,8679,125
2019,2019-05-06,7565,126
2019,2019-05-07,7039,127
2019,2019-05-08,7447,128
2019,2019-05-09,4878,129
2019,2019-05-10,6178,130
2019,2019-05-11,6654,131
2019,2019-05-12,2322,132
2019,2019-05-13,2313,133
2019,2019-05-14,6480,134
2019,2019-05-15,7133,135
2019,2019-05-16,7353,136
2019,2019-05-17,8592,137
2019,2019-05-18,6396,138
2019,2019-05-19,8106,139
2019,2019-05-20,6476,140
2019,2019-05-21,9379,141
2019,2019-05-22,7378,142
2019,2019-05-23,8604,143
2019,2019-05-24,9508,144
2019,2019-05-25,4135,145
2019,2019-05-26,11501,146
2019,2019-05-27,10113,147
2019,2019-05-28,5926,148
2019,2019-05-29,8036,149
2019,2019-05-30,9200,150
2019,2019-05-31,9600,151
2019,2019-06-01,7496,152
2019,2019-06-02,8858,153
2019,2019-06-03,8740,154
2019,2019-06-04,8084,155
2019,2019-06-05,4772,156
2019,2019-06-06,10154,157
2019,2019-06-07,11054,158
2019,2019-06-08,12579,159
2019,2019-06-09,10151,160
2019,2019-06-10,3936,161
2019,2019-06-11,10717,162
2019,2019-06-12,10617,163
2019,2019-06-13,4702,164
2019,2019-06-14,11303,165
2019,2019-06-15,7410,166
2019,2019-06-16,8862,167
2019,2019-06-17,12195,168
2019,2019-06-18,11552,169
2019,2019-06-19,11657,170
2019,2019-06-20,5856,171
2019,2019-06-21,11716,172
2019,2019-06-22,12507,173
2019,2019-06-23,11390,174
2019,2019-06-24,10238,175
2019,2019-06-25,11552,176
2019,2019-06-26,10936,177
2019,2019-06-27,11672,178
2019,2019-06-28,9087,179
2019,2019-06-29,10316,180
2019,2019-06-30,11809,181
2019,2019-07-01,13412,182
2019,2019-07-02,10421,183
2019,2019-07-03,12331,184
2019,2019-07-04,12750,185
2019,2019-07-05,12401,186
2019,2019-07-06,9878,187
2019,2019-07-07,12293,188
2019,2019-07-08,12007,189
2019,2019-07-09,13035,190
2019,2019-07-10,13709,191
2019,2019-07-11,12429,192
2019,2019-07-12,13318,193
2019,2019-07-13,11396,194
2019,2019-07-14,13627,195
2019,2019-07-15,12410,196
2019,2019-07-16,11933,197
2019,2019-07-17,8365,198
2019,2019-07-18,13515,199
2019,2019-07-19,11709,200
2019,2019-07-20,10289,201
2019,2019-07-21,12441,202
2019,2019-07-22,11168,203
2019,2019-07-23,13696,204
2019,2019-07-24,14297,205
2019,2019-07-25,13279,206
2019,2019-07-26,14214,207
2019,2019-07-27,13135,208
2019,2019-07-28,11925,209
2019,2019-07-29,12703,210
2019,2019-07-30,9982,211
2019,2019-07-31,14168,212
2019,2019-08-01,14225,213
2019,2019-08-02,13208,214
2019,2019-08-03,12474,215
2019,2019-08-04,13668,216
2019,2019-08-05,12843,217
2019,2019-08-06,10284,218
2019,2019-08-07,17578,219
2019,2019-08-08,12916,220
2019,2019-08-09,13647,221
2019,2019-08-10,13775,222
2019,2019-08-11,13580,223
2019,2019-08-12,11473,224
2019,2019-08-13,14330,225
2019,2019-08-14,21243,226
2019,2019-08-15,13216,227
2019,2019-08-16,13953,228
2019,2019-08-17,9032,229
2019,2019-08-18,10409,230
2019,2019-08-19,13127,231
2019,2019-08-20,13321,232
2019,2019-08-21,18142,233
2019,2019-08-22,13943,234
2019,2019-08-23,13090,235
2019,2019-08-24,12799,236
2019,2019-08-25,12190,237
2019,2019-08-26,12825,238
2019,2019-08-27,8156,239
2019,2019-08-28,19027,240
2019,2019-08-29,13702,241
2019,2019-08-30,13003,242
2019,2019-08-31,12216,243
2019,2019-09-01,6608,244
2019,2019-09-02,11621,245
2019,2019-09-03,11551,246
2019,2019-09-04,12218,247
2019,2019-09-05,12644,248
2019,2019-09-06,10302,249
2019,2019-09-07,10565,250
2019,2019-09-08,9425,251
2019,2019-09-09,12030,252
2019,2019-09-10,12630,253
2019,2019-09-11,13183,254
2019,2019-09-12,12400,255
2019,2019-09-13,10842,256
2019,2019-09-14,11407,257
2019,2019-09-15,5325,258
2019,2019-09-16,10622,259
2019,2019-09-17,12694,260
2019,2019-09-18,12839,261
2019,2019-09-19,12930,262
2019,2019-09-20,12931,263
2019,2019-09-21,12485,264
2019,2019-09-22,10375,265
2019,2019-09-23,11204,266
2019,2019-09-24,12640,267
2019,2019-09-25,12351,268
2019,2019-09-26,10397,269
2019,2019-09-27,11881,270
2019,2019-09-28,6538,271
2019,2019-09-29,7545,272
2019,2019-09-30,10539,273
2019,2019-10-01,8951,274
2019,2019-10-02,7548,275
2019,2019-10-03,6330,276
2019,2019-10-04,9642,277
2019,2019-10-05,7685,278
2019,2019-10-06,7039,279
2019,2019-10-07,10434,280
2019,2019-10-08,11050,281
2019,2019-10-09,10697,282
2019,2019-10-10,10698,283
2019,2019-10-11,10349,284
2019,2019-10-12,6347,285
2019,2019-10-13,6444,286
2019,2019-10-14,5315,287
2019,2019-10-15,9869,288
2019,2019-10-16,5794,289
2019,2019-10-17,7795,290
2019,2019-10-18,8926,291
2019,2019-10-19,7515,292
2019,2019-10-20,8672,293
2019,2019-10-21,9292,294
2019,2019-10-22,7007,295
2019,2019-10-23,9422,296
2019,2019-10-24,9286,297
2019,2019-10-25,8838,298
2019,2019-10-26,6234,299
2019,2019-10-27,3761,300
2019,2019-10-28,9365,301
2019,2019-10-29,9555,302
2019,2019-10-30,5233,303
2019,2019-10-31,3564,304
2019,2019-11-01,6359,305
2019,2019-11-02,3730,306
2019,2019-11-03,3957,307
2019,2019-11-04,6667,308
2019,2019-11-05,7458,309
2019,2019-11-06,6581,310
2019,2019-11-07,5557,311
2019,2019-11-08,5821,312
2019,2019-11-09,3371,313
2019,2019-11-10,3400,314
2019,2019-11-11,2102,315
2019,2019-11-12,1716,316
2019,2019-11-13,2328,317
2019,2019-11-14,3060,318
2019,2019-11-15,4122,319
2019,2019-11-16,2341,320
2019,2019-11-17,2866,321
2019,2019-11-18,3931,322
2019,2019-11-19,5518,323
2019,2019-11-20,6442,324
2019,2019-11-21,5152,325
2019,2019-11-22,5521,326
2019,2019-11-23,3769,327
2019,2019-11-24,3350,328
2019,2019-11-25,6138,329
2019,2019-11-26,7134,330
2019,2019-11-27,4585,331
2019,2019-11-28,5893,332
2019,2019-11-29,5392,333
2019,2019-11-30,3109,334
2019,2019-12-01,517,335
2019,2019-12-02,1351,336
2019,2019-12-03,2709,337
2019,2019-12-04,3734,338
2019,2019-12-05,3973,339
2019,2019-12-06,2276,340
2019,2019-12-07,2028,341
2019,2019-12-08,2124,342
2019,2019-12-09,3771,343
2019,2019-12-10,4579,344
2019,2019-12-11,4008,345
2019,2019-12-12,4115,346
2019,2019-12-13,5003,347
2019,2019-12-14,1108,348
2019,2019-12-15,2043,349
2019,2019-12-16,4605,350
2019,2019-12-17,4475,351
2019,2019-12-18,2844,352
2019,2019-12-19,1990,353
2019,2019-12-20,2769,354
2019,2019-12-21,2136,355
2019,2019-12-22,1979,356
2019,2019-12-23,3377,357
2019,2019-12-24,2225,358
2019,2019-12-25,821,359
2019,2019-12-26,1278,360
2019,2019-12-27,2588,361
2019,2019-12-28,2503,362
2019,2019-12-29,1027,363
2019,2019-12-30,2496,364
2019,2019-12-31,1937,365
2020,2020-01-01,1358,1
2020,2020-01-02,3767,2
2020,2020-01-03,4391,3
2020,2020-01-04,2396,4
2020,2020-01-05,1979,5
2020,2020-01-06,3675,6
2020,2020-01-07,4550,7
2020,2020-01-08,3458,8
2020,2020-01-09,3548,9
2020,2020-01-10,4373,10
2020,2020-01-11,825,11
2020,2020-01-12,1752,12
2020,2020-01-13,4123,13
2020,2020-01-14,4810,14
2020,2020-01-15,5499,15
2020,2020-01-16,4751,16
2020,2020-01-17,3358,17
2020,2020-01-18,544,18
2020,2020-01-19,722,19
2020,2020-01-20,2039,20
2020,2020-01-21,2735,21
2020,2020-01-22,3381,22
2020,2020-01-23,4020,23
2020,2020-01-24,3406,24
2020,2020-01-25,1715,25
2020,2020-01-26,1903,26
2020,2020-01-27,4615,27
2020,2020-01-28,4758,28
2020,2020-01-29,4444,29
2020,2020-01-30,4598,30
2020,2020-01-31,4655,31
2020,2020-02-01,2468,32
2020,2020-02-02,1108,33
2020,2020-02-03,5137,34
2020,2020-02-04,5242,35
2020,2020-02-05,4734,36
2020,2020-02-06,2069,37
2020,2020-02-07,1823,38
2020,2020-02-08,1560,39
2020,2020-02-09,1590,40
2020,2020-02-10,3780,41
2020,2020-02-11,4765,42
2020,2020-02-12,4919,43
2020,2020-02-13,3065,44
2020,2020-02-14,2546,45
2020,2020-02-15,1904,46
2020,2020-02-16,2497,47
2020,2020-02-17,2148,48
2020,2020-02-18,3099,49
2020,2020-02-19,4206,50
2020,2020-02-20,4120,51
2020,2020-02-21,4139,52
2020,2020-02-22,3565,53
2020,2020-02-23,4160,54
2020,2020-02-24,6176,55
2020,2020-02-25,5403,56
2020,2020-02-26,2891,57
2020,2020-02-27,1687,58
2020,2020-02-28,2577,59
2020,2020-02-29,1805,60
2020,2020-03-01,2477,61
2020,2020-03-02,4094,62
2020,2020-03-03,4016,63
2020,2020-03-04,5551,64
2020,2020-03-05,5908,65
2020,2020-03-06,4639,66
2020,2020-03-07,3770,67
2020,2020-03-08,5407,68
2020,2020-03-09,7152,69
2020,2020-03-10,4744,70
2020,2020-03-11,5529,71
2020,2020-03-12,5467,72
2020,2020-03-13,4545,73
2020,2020-03-14,3442,74
2020,2020-03-15,3454,75
2020,2020-03-16,3400,76
2020,2020-03-17,2744,77
2020,2020-03-18,2369,78
2020,2020-03-19,2633,79
2020,2020-03-20,2300,80
2020,2020-03-21,2655,81
2020,2020-03-22,2014,82
2020,2020-03-23,882,83
2020,2020-03-24,2101,84
2020,2020-03-25,2214,85
2020,2020-03-26,2153,86
2020,2020-03-27,2817,87
2020,2020-03-28,1398,88
2020,2020-03-29,2606,89
2020,2020-03-30,1134,90
2020,2020-03-31,1431,91
2020,2020-04-01,2665,92
2020,2020-04-02,2723,93
2020,2020-04-03,2039,94
2020,2020-04-04,2734,95
2020,2020-04-05,3920,96
2020,2020-04-06,2481,97
2020,2020-04-07,2002,98
2020,2020-04-08,2888,99
2020,2020-04-09,1959,100
2020,2020-04-10,1854,101
2020,2020-04-11,3032,102
2020,2020-04-12,2313,103
2020,2020-04-13,1091,104
2020,2020-04-14,1704,105
2020,2020-04-15,1639,106
2020,2020-04-16,1593,107
2020,2020-04-17,1797,108
2020,2020-04-18,3963,109
2020,2020-04-19,1988,110
2020,2020-04-20,2200,111
2020,2020-04-21,1197,112
2020,2020-04-22,2169,113
2020,2020-04-23,1792,114
2020,2020-04-24,2385,115
2020,2020-04-25,6509,116
2020,2020-04-26,1421,117
2020,2020-04-27,3641,118
2020,2020-04-28,2553,119
2020,2020-04-29,1730,120
2020,2020-04-30,1797,121
2020,2020-05-01,4018,122
2020,2020-05-02,4238,123
2020,2020-05-03,13339,124
2020,2020-05-04,2914,125
2020,2020-05-05,2995,126
2020,2020-05-06,4103,127
2020,2020-05-07,2764,128
2020,2020-05-08,2334,129
2020,2020-05-09,1855,130
2020,2020-05-10,2413,131
2020,2020-05-11,1840,132
2020,2020-05-12,2570,133
2020,2020-05-13,4585,134
2020,2020-05-14,1932,135
2020,2020-05-15,2764,136
2020,2020-05-16,13742,137
2020,2020-05-17,6125,138
2020,2020-05-18,1416,139
2020,2020-05-19,3483,140
2020,2020-05-20,7223,141
2020,2020-05-21,7445,142
2020,2020-05-22,8884,143
2020,2020-05-23,20910,144
2020,2020-05-24,14320,145
2020,2020-05-25,8533,146
2020,2020-05-26,8744,147
2020,2020-05-27,8809,148
2020,2020-05-28,3417,149
2020,2020-05-29,4299,150
2020,2020-05-30,12040,151
2020,2020-05-31,12170,152
2020,2020-06-01,8168,153
2020,2020-06-02,6534,154
2020,2020-06-03,7436,155
2020,2020-06-04,9358,156
2020,2020-06-05,7634,157
2020,2020-06-06,18287,158
2020,2020-06-07,18381,159
2020,2020-06-08,9482,160
2020,2020-06-09,10895,161
2020,2020-06-10,8258,162
2020,2020-06-11,9442,163
2020,2020-06-12,10387,164
2020,2020-06-13,19097,165
2020,2020-06-14,17128,166
2020,2020-06-15,9470,167
2020,2020-06-16,10762,168
2020,2020-06-17,11666,169
2020,2020-06-18,11563,170
2020,2020-06-19,13228,171
2020,2020-06-20,20508,172
2020,2020-06-21,16843,173
2020,2020-06-22,9196,174
2020,2020-06-23,7129,175
2020,2020-06-24,10840,176
2020,2020-06-25,11648,177
2020,2020-06-26,13862,178
2020,2020-06-27,17596,179
2020,2020-06-28,20094,180
2020,2020-06-29,12325,181
2020,2020-06-30,13254,182
2020,2020-07-01,21373,183
2020,2020-07-02,12169,184
2020,2020-07-03,13881,185
2020,2020-07-04,19845,186
2020,2020-07-05,18804,187
2020,2020-07-06,12327,188
2020,2020-07-07,12854,189
2020,2020-07-08,11693,190
2020,2020-07-09,13065,191
2020,2020-07-10,13547,192
2020,2020-07-11,9335,193
2020,2020-07-12,19443,194
2020,2020-07-13,12482,195
2020,2020-07-14,14202,196
2020,2020-07-15,15076,197
2020,2020-07-16,8637,198
2020,2020-07-17,16443,199
2020,2020-07-18,22857,200
2020,2020-07-19,12740,201
2020,2020-07-20,13777,202
2020,2020-07-21,14567,203
2020,2020-07-22,8609,204
2020,2020-07-23,14793,205
2020,2020-07-24,16401,206
2020,2020-07-25,22538,207
2020,2020-07-26,18638,208
2020,2020-07-27,10807,209
2020,2020-07-28,13983,210
2020,2020-07-29,13541,211
2020,2020-07-30,14891,212
2020,2020-07-31,15566,213
2020,2020-08-01,21078,214
2020,2020-08-02,7908,215
2020,2020-08-03,12575,216
2020,2020-08-04,8151,217
2020,2020-08-05,15149,218
2020,2020-08-06,15073,219
2020,2020-08-07,16451,220
2020,2020-08-08,23442,221
2020,2020-08-09,19074,222
2020,2020-08-10,13051,223
2020,2020-08-11,13347,224
2020,2020-08-12,15357,225
2020,2020-08-13,15571,226
2020,2020-08-14,16894,227
2020,2020-08-15,23206,228
2020,2020-08-16,14512,229
2020,2020-08-17,10379,230
2020,2020-08-18,14353,231
2020,2020-08-19,16000,232
2020,2020-08-20,16476,233
2020,2020-08-21,16455,234
2020,2020-08-22,22863,235
2020,2020-08-23,19888,236
2020,2020-08-24,14309,237
2020,2020-08-25,15768,238
2020,2020-08-26,12301,239
2020,2020-08-27,14333,240
2020,2020-08-28,16632,241
2020,2020-08-29,18015,242
2020,2020-08-30,21406,243
2020,2020-08-31,14451,244
2020,2020-09-01,14475,245
2020,2020-09-02,15168,246
2020,2020-09-03,15212,247
2020,2020-09-04,16354,248
2020,2020-09-05,19757,249
2020,2020-09-06,23554,250
2020,2020-09-07,11797,251
2020,2020-09-08,11045,252
2020,2020-09-09,13798,253
2020,2020-09-10,13298,254
2020,2020-09-11,14103,255
2020,2020-09-12,19619,256
2020,2020-09-13,15077,257
2020,2020-09-14,11848,258
2020,2020-09-15,11881,259
2020,2020-09-16,17693,260
2020,2020-09-17,12683,261
2020,2020-09-18,12266,262
2020,2020-09-19,15859,263
2020,2020-09-20,15423,264
2020,2020-09-21,11012,265
2020,2020-09-22,11877,266
2020,2020-09-23,18411,267
2020,2020-09-24,11872,268
2020,2020-09-25,14588,269
2020,2020-09-26,20889,270
2020,2020-09-27,18502,271
2020,2020-09-28,11985,272
2020,2020-09-29,10718,273
2020,2020-09-30,9898,274
2020,2020-10-01,11177,275
2020,2020-10-02,10159,276
2020,2020-10-03,13316,277
2020,2020-10-04,5773,278
2020,2020-10-05,10146,279
2020,2020-10-06,10270,280
2020,2020-10-07,8647,281
2020,2020-10-08,8666,282
2020,2020-10-09,11814,283
2020,2020-10-10,13476,284
2020,2020-10-11,9130,285
2020,2020-10-12,8199,286
2020,2020-10-13,10293,287
2020,2020-10-14,10210,288
2020,2020-10-15,4469,289
2020,2020-10-16,9954,290
2020,2020-10-17,13847,291
2020,2020-10-18,8703,292
2020,2020-10-19,4700,293
2020,2020-10-20,8161,294
2020,2020-10-21,7916,295
2020,2020-10-22,7669,296
2020,2020-10-23,12120,297
2020,2020-10-24,10227,298
2020,2020-10-25,7068,299
2020,2020-10-26,6001,300
2020,2020-10-27,5036,301
2020,2020-10-28,8595,302
2020,2020-10-29,6851,303
2020,2020-10-30,6629,304
2020,2020-10-31,8368,305
2020,2020-11-01,3797,306
2020,2020-11-02,4571,307
2020,2020-11-03,5998,308
2020,2020-11-04,8710,309
2020,2020-11-05,8732,310
2020,2020-11-06,10569,311
2020,2020-11-07,16703,312
2020,2020-11-08,15071,313
2020,2020-11-09,8978,314
2020,2020-11-10,11258,315
2020,2020-11-11,9656,316
2020,2020-11-12,7098,317
2020,2020-11-13,6851,318
2020,2020-11-14,8020,319
2020,2020-11-15,2697,320
2020,2020-11-16,4811,321
2020,2020-11-17,5067,322
2020,2020-11-18,5113,323
2020,2020-11-19,6866,324
2020,2020-11-20,9384,325
2020,2020-11-21,6679,326
2020,2020-11-22,1439,327
2020,2020-11-23,3276,328
2020,2020-11-24,3832,329
2020,2020-11-25,3467,330
2020,2020-11-26,5000,331
2020,2020-11-27,5552,332
2020,2020-11-28,6267,333
2020,2020-11-29,5999,334
2020,2020-11-30,1795,335
2020,2020-12-01,1961,336
2020,2020-12-02,3871,337
2020,2020-12-03,4435,338
2020,2020-12-04,3252,339
2020,2020-12-05,4060,340
2020,2020-12-06,3691,341
2020,2020-12-07,3218,342
2020,2020-12-08,3761,343
2020,2020-12-09,2676,344
2020,2020-12-10,4312,345
2020,2020-12-11,5125,346
2020,2020-12-12,2358,347
2020,2020-12-13,3562,348
2020,2020-12-14,3514,349
2020,2020-12-15,3351,350
2020,2020-12-16,2506,351
2020,2020-12-17,3061,352
2020,2020-12-18,3790,353
2020,2020-12-19,2939,354
2020,2020-12-20,2972,355
2020,2020-12-21,3789,356
2020,2020-12-22,3737,357
2020,2020-12-23,4198,358
2020,2020-12-24,2147,359
2020,2020-12-25,666,360
2020,2020-12-26,994,361
2020,2020-12-27,1613,362
2020,2020-12-28,2174,363
2020,2020-12-29,2861,364
2020,2020-12-30,1566,365
2020,2020-12-31,3188,366
2021,2021-01-01,1804,1
2021,2021-01-02,1906,2
2021,2021-01-03,1941,3
2021,2021-01-04,3054,4
2021,2021-01-05,2816,5
2021,2021-01-06,3172,6
2021,2021-01-07,3565,7
2021,2021-01-08,3465,8
2021,2021-01-09,4152,9
2021,2021-01-10,2942,10
2021,2021-01-11,2956,11
2021,2021-01-12,2762,12
2021,2021-01-13,3514,13
2021,2021-01-14,3488,14
2021,2021-01-15,3074,15
2021,2021-01-16,4651,16
2021,2021-01-17,3552,17
2021,2021-01-18,3075,18
2021,2021-01-19,2983,19
2021,2021-01-20,2674,20
2021,2021-01-21,3306,21
2021,2021-01-22,3050,22
2021,2021-01-23,2586,23
2021,2021-01-24,2460,24
2021,2021-01-25,3229,25
2021,2021-01-26,1046,26
2021,2021-01-27,1552,27
2021,2021-01-28,1687,28
2021,2021-01-29,2081,29
2021,2021-01-30,2390,30
2021,2021-01-31,1438,31
2021,2021-02-01,2055,32
2021,2021-02-02,2299,33
2021,2021-02-03,2723,34
2021,2021-02-04,3180,35
2021,2021-02-05,2132,36
2021,2021-02-06,1943,37
2021,2021-02-07,1573,38
2021,2021-02-08,1917,39
2021,2021-02-09,2134,40
2021,2021-02-10,2295,41
2021,2021-02-11,2299,42
2021,2021-02-12,1678,43
2021,2021-02-13,1376,44
2021,2021-02-14,2067,45
2021,2021-02-15,1489,46
2021,2021-02-16,708,47
2021,2021-02-17,1584,48
2021,2021-02-18,1277,49
2021,2021-02-19,1141,50
2021,2021-02-20,1745,51
2021,2021-02-21,1998,52
2021,2021-02-22,1265,53
2021,2021-02-23,2212,54
2021,2021-02-24,2872,55
2021,2021-02-25,2946,56
2021,2021-02-26,3490,57
2021,2021-02-27,3934,58
2021,2021-02-28,2547,59
2021,2021-03-01,2138,60
2021,2021-03-02,2539,61
2021,2021-03-03,4016,62
2021,2021-03-04,2895,63
2021,2021-03-05,2977,64
2021,2021-03-06,2900,65
2021,2021-03-07,3671,66
2021,2021-03-08,3499,67
2021,2021-03-09,5327,68
2021,2021-03-10,5745,69
2021,2021-03-11,4821,70
2021,2021-03-12,4544,71
2021,2021-03-13,5885,72
2021,2021-03-14,3039,73
2021,2021-03-15,3262,74
2021,2021-03-16,3405,75
2021,2021-03-17,5206,76
2021,2021-03-18,3861,77
2021,2021-03-19,4640,78
2021,2021-03-20,11142,79
2021,2021-03-21,9782,80
2021,2021-03-22,6674,81
2021,2021-03-23,7143,82
2021,2021-03-24,5954,83
2021,2021-03-25,8895,84
2021,2021-03-26,4407,85
2021,2021-03-27,6988,86
2021,2021-03-28,2874,87
2021,2021-03-29,4987,88
2021,2021-03-30,8946,89
2021,2021-03-31,5235,90
2021,2021-04-01,4211,91
2021,2021-04-02,5177,92
2021,2021-04-03,5435,93
2021,2021-04-04,13411,94
2021,2021-04-05,7021,95
2021,2021-04-06,6658,96
2021,2021-04-07,8714,97
2021,2021-04-08,10053,98
2021,2021-04-09,8125,99
2021,2021-04-10,19924,100
2021,2021-04-11,4823,101
2021,2021-04-12,3057,102
2021,2021-04-13,7373,103
2021,2021-04-14,8994,104
2021,2021-04-15,5228,105
2021,2021-04-16,5506,106
2021,2021-04-17,9995,107
2021,2021-04-18,10541,108
2021,2021-04-19,2589,109
2021,2021-04-20,4628,110
2021,2021-04-21,3189,111
2021,2021-04-22,4325,112
2021,2021-04-23,11292,113
2021,2021-04-24,17964,114
2021,2021-04-25,9369,115
2021,2021-04-26,5886,116
2021,2021-04-27,6248,117
2021,2021-04-28,6203,118
2021,2021-04-29,3133,119
2021,2021-04-30,5227,120
2021,2021-05-01,12258,121
2021,2021-05-02,9264,122
2021,2021-05-03,4387,123
2021,2021-05-04,5025,124
2021,2021-05-05,6753,125
2021,2021-05-06,9407,126
2021,2021-05-07,7678,127
2021,2021-05-08,14017,128
2021,2021-05-09,11156,129
2021,2021-05-10,6958,130
2021,2021-05-11,6323,131
2021,2021-05-12,11983,132
2021,2021-05-13,12614,133
2021,2021-05-14,13583,134
2021,2021-05-15,24640,135
2021,2021-05-16,27029,136
2021,2021-05-17,12939,137
2021,2021-05-18,14784,138
2021,2021-05-19,14163,139
2021,2021-05-20,14153,140
2021,2021-05-21,18009,141
2021,2021-05-22,20183,142
2021,2021-05-23,24376,143
2021,2021-05-24,26023,144
2021,2021-05-25,12572,145
2021,2021-05-26,9986,146
2021,2021-05-27,12549,147
2021,2021-05-28,3625,148
2021,2021-05-29,20048,149
2021,2021-05-30,24493,150
2021,2021-05-31,13045,151
2021,2021-06-01,13931,152
2021,2021-06-02,13612,153
2021,2021-06-03,10649,154
2021,2021-06-04,15918,155
2021,2021-06-05,27346,156
2021,2021-06-06,24439,157
2021,2021-06-07,13208,158
2021,2021-06-08,9714,159
2021,2021-06-09,15111,160
2021,2021-06-10,15833,161
2021,2021-06-11,15849,162
2021,2021-06-12,25334,163
2021,2021-06-13,19601,164
2021,2021-06-14,9102,165
2021,2021-06-15,14095,166
2021,2021-06-16,14023,167
2021,2021-06-17,14812,168
2021,2021-06-18,10099,169
2021,2021-06-19,20174,170
2021,2021-06-20,19506,171
2021,2021-06-21,10777,172
2021,2021-06-22,12651,173
2021,2021-06-23,14086,174
2021,2021-06-24,14818,175
2021,2021-06-25,8110,176
2021,2021-06-26,14698,177
2021,2021-06-27,20068,178
2021,2021-06-28,13130,179
2021,2021-06-29,7943,180
2021,2021-06-30,14010,181
2021,2021-07-01,18281,182
2021,2021-07-02,11390,183
2021,2021-07-03,20472,184
2021,2021-07-04,18931,185
2021,2021-07-05,12871,186
2021,2021-07-06,13404,187
2021,2021-07-07,13457,188
2021,2021-07-08,7177,189
2021,2021-07-09,11287,190
2021,2021-07-10,23320,191
2021,2021-07-11,11095,192
2021,2021-07-12,13145,193
2021,2021-07-13,11236,194
2021,2021-07-14,20678,195
2021,2021-07-15,12344,196
2021,2021-07-16,14883,197
2021,2021-07-17,11170,198
2021,2021-07-18,18529,199
2021,2021-07-19,13280,200
2021,2021-07-20,11721,201
2021,2021-07-21,22212,202
2021,2021-07-22,15867,203
2021,2021-07-23,16871,204
2021,2021-07-24,11488,205
2021,2021-07-25,18631,206
2021,2021-07-26,13887,207
2021,2021-07-27,10911,208
2021,2021-07-28,22178,209
2021,2021-07-29,11769,210
2021,2021-07-30,16142,211
2021,2021-07-31,15283,212
2021,2021-08-01,13929,213
2021,2021-08-02,19762,214
2021,2021-08-03,14811,215
2021,2021-08-04,16841,216
2021,2021-08-05,16320,217
2021,2021-08-06,16551,218
2021,2021-08-07,15978,219
2021,2021-08-08,17520,220
2021,2021-08-09,13812,221
2021,2021-08-10,12420,222
2021,2021-08-11,14342,223
2021,2021-08-12,14383,224
2021,2021-08-13,15131,225
2021,2021-08-14,21300,226
2021,2021-08-15,19261,227
2021,2021-08-16,13834,228
2021,2021-08-17,14576,229
2021,2021-08-18,14779,230
2021,2021-08-19,16433,231
2021,2021-08-20,16898,232
2021,2021-08-21,19988,233
2021,2021-08-22,17755,234
2021,2021-08-23,14394,235
2021,2021-08-24,15699,236
2021,2021-08-25,15142,237
2021,2021-08-26,13960,238
2021,2021-08-27,17403,239
2021,2021-08-28,17927,240
2021,2021-08-29,15453,241
2021,2021-08-30,14520,242
2021,2021-08-31,15821,243
2021,2021-09-01,16208,244
2021,2021-09-02,16127,245
2021,2021-09-03,16199,246
2021,2021-09-04,20267,247
2021,2021-09-05,18787,248
2021,2021-09-06,16979,249
2021,2021-09-07,11924,250
2021,2021-09-08,15111,251
2021,2021-09-09,14611,252
2021,2021-09-10,15666,253
2021,2021-09-11,18814,254
2021,2021-09-12,13480,255
2021,2021-09-13,14058,256
2021,2021-09-14,14442,257
2021,2021-09-15,15282,258
2021,2021-09-16,16260,259
2021,2021-09-17,17005,260
2021,2021-09-18,20555,261
2021,2021-09-19,18089,262
2021,2021-09-20,14965,263
2021,2021-09-21,11853,264
2021,2021-09-22,4952,265
2021,2021-09-23,12145,266
2021,2021-09-24,14479,267
2021,2021-09-25,12768,268
2021,2021-09-26,15932,269
2021,2021-09-27,13227,270
2021,2021-09-28,14666,271
2021,2021-09-29,14937,272
2021,2021-09-30,15000,273
2021,2021-10-01,15832,274
2021,2021-10-02,19347,275
2021,2021-10-03,7472,276
2021,2021-10-04,9184,277
2021,2021-10-05,13451,278
2021,2021-10-06,14380,279
2021,2021-10-07,14271,280
2021,2021-10-08,14291,281
2021,2021-10-09,8694,282
2021,2021-10-10,13607,283
2021,2021-10-11,14973,284
2021,2021-10-12,14669,285
2021,2021-10-13,15127,286
2021,2021-10-14,14972,287
2021,2021-10-15,10470,288
2021,2021-10-16,10346,289
2021,2021-10-17,11783,290
2021,2021-10-18,11467,291
2021,2021-10-19,14159,292
2021,2021-10-20,12972,293
2021,2021-10-21,10253,294
2021,2021-10-22,11827,295
2021,2021-10-23,11567,296
2021,2021-10-24,11784,297
2021,2021-10-25,4514,298
2021,2021-10-26,5962,299
2021,2021-10-27,13682,300
2021,2021-10-28,11327,301
2021,2021-10-29,8714,302
2021,2021-10-30,5796,303
2021,2021-10-31,10255,304
2021,2021-11-01,9551,305
2021,2021-11-02,9474,306
2021,2021-11-03,9539,307
2021,2021-11-04,9615,308
2021,2021-11-05,10249,309
2021,2021-11-06,10546,310
2021,2021-11-07,11672,311
2021,2021-11-08,10520,312
2021,2021-11-09,8154,313
2021,2021-11-10,10749,314
2021,2021-11-11,10377,315
2021,2021-11-12,10254,316
2021,2021-11-13,8691,317
2021,2021-11-14,3883,318
2021,2021-11-15,7703,319
2021,2021-11-16,8716,320
2021,2021-11-17,8059,321
2021,2021-11-18,8735,322
2021,2021-11-19,8994,323
2021,2021-11-20,7901,324
2021,2021-11-21,5886,325
2021,2021-11-22,7030,326
2021,2021-11-23,7862,327
2021,2021-11-24,8318,328
2021,2021-11-25,6284,329
2021,2021-11-26,6943,330
2021,2021-11-27,6306,331
2021,2021-11-28,1759,332
2021,2021-11-29,4151,333
2021,2021-11-30,5007,334
2021,2021-12-01,7068,335
2021,2021-12-02,6887,336
2021,2021-12-03,7212,337
2021,2021-12-04,5869,338
2021,2021-12-05,4131,339
2021,2021-12-06,4907,340
2021,2021-12-07,5771,341
2021,2021-12-08,3825,342
2021,2021-12-09,4908,343
2021,2021-12-10,6683,344
2021,2021-12-11,5674,345
2021,2021-12-12,5556,346
2021,2021-12-13,6691,347
2021,2021-12-14,6718,348
2021,2021-12-15,5815,349
2021,2021-12-16,6882,350
2021,2021-12-17,6984,351
2021,2021-12-18,1874,352
2021,2021-12-19,2568,353
2021,2021-12-20,3984,354
2021,2021-12-21,4706,355
2021,2021-12-22,3633,356
2021,2021-12-23,3723,357
2021,2021-12-24,2740,358
2021,2021-12-25,1647,359
2021,2021-12-26,2656,360
2021,2021-12-27,1265,361
2021,2021-12-28,3054,362
2021,2021-12-29,3521,363
2021,2021-12-30,4065,364
2021,2021-12-31,4832,365
2022,2022-01-01,2851,1
2022,2022-01-02,1135,2
2022,2022-01-03,2157,3
2022,2022-01-04,3371,4
2022,2022-01-05,2870,5
2022,2022-01-06,3111,6
2022,2022-01-07,2935,7
2022,2022-01-08,2875,8
2022,2022-01-09,2694,9
2022,2022-01-10,2201,10
2022,2022-01-11,1780,11
2022,2022-01-12,3509,12
2022,2022-01-13,3665,13
2022,2022-01-14,2865,14
2022,2022-01-15,1627,15
2022,2022-01-16,2389,16
2022,2022-01-17,194,17
2022,2022-01-18,446,18
2022,2022-01-19,981,19
2022,2022-01-20,869,20
2022,2022-01-21,1110,21
2022,2022-01-22,1047,22
2022,2022-01-23,870,23
2022,2022-01-24,696,24
2022,2022-01-25,925,25
2022,2022-01-26,930,26
2022,2022-01-27,1065,27
2022,2022-01-28,1235,28
2022,2022-01-29,1090,29
2022,2022-01-30,1185,30
2022,2022-01-31,2087,31
2022,2022-02-01,2673,32
2022,2022-02-02,1681,33
2022,2022-02-03,1121,34
2022,2022-02-04,1223,35
2022,2022-02-05,1537,36
2022,2022-02-06,1856,37
2022,2022-02-07,2855,38
2022,2022-02-08,3007,39
2022,2022-02-09,3711,40
2022,2022-02-10,3520,41
2022,2022-02-11,2901,42
2022,2022-02-12,2788,43
2022,2022-02-13,2069,44
2022,2022-02-14,2564,45
2022,2022-02-15,3294,46
2022,2022-02-16,4194,47
2022,2022-02-17,1471,48
2022,2022-02-18,1134,49
2022,2022-02-19,1107,50
2022,2022-02-20,1743,51
2022,2022-02-21,2731,52
2022,2022-02-22,2582,53
2022,2022-02-23,3165,54
2022,2022-02-24,3106,55
2022,2022-02-25,1575,56
2022,2022-02-26,2351,57
2022,2022-02-27,2030,58
2022,2022-02-28,3021,59
2022,2022-03-01,4224,60
2022,2022-03-02,4517,61
2022,2022-03-03,3844,62
2022,2022-03-04,4645,63
2022,2022-03-05,4008,64
2022,2022-03-06,6289,65
2022,2022-03-07,2760,66
2022,2022-03-08,4946,67
2022,2022-03-09,5616,68
2022,2022-03-10,5616,69
2022,2022-03-11,3061,70
2022,2022-03-12,2453,71
2022,2022-03-13,2075,72
2022,2022-03-14,4832,73
2022,2022-03-15,2768,74
2022,2022-03-16,4942,75
2022,2022-03-17,8583,76
2022,2022-03-18,7849,77
2022,2022-03-19,3826,78
2022,2022-03-20,7298,79
2022,2022-03-21,7504,80
2022,2022-03-22,6632,81
2022,2022-03-23,3182,82
2022,2022-03-24,6939,83
2022,2022-03-25,6473,84
2022,2022-03-26,4763,85
2022,2022-03-27,2638,86
2022,2022-03-28,3481,87
2022,2022-03-29,5207,88
2022,2022-03-30,4086,89
2022,2022-03-31,6881,90
2022,2022-04-01,4546,91
2022,2022-04-02,7228,92
2022,2022-04-03,5146,93
2022,2022-04-04,6542,94
2022,2022-04-05,6998,95
2022,2022-04-06,6630,96
2022,2022-04-07,7365,97
2022,2022-04-08,7405,98
2022,2022-04-09,6906,99
2022,2022-04-10,7568,100
2022,2022-04-11,6833,101
2022,2022-04-12,11013,102
2022,2022-04-13,7675,103
2022,2022-04-14,9639,104
2022,2022-04-15,7356,105
2022,2022-04-16,8149,106
2022,2022-04-17,7822,107
2022,2022-04-18,4080,108
2022,2022-04-19,5301,109
2022,2022-04-20,8998,110
2022,2022-04-21,7272,111
2022,2022-04-22,11696,112
2022,2022-04-23,8161,113
2022,2022-04-24,13900,114
2022,2022-04-25,6808,115
2022,2022-04-26,8911,116
2022,2022-04-27,7517,117
2022,2022-04-28,10490,118
2022,2022-04-29,11657,119
2022,2022-04-30,16308,120
2022,2022-05-01,6343,121
2022,2022-05-02,9156,122
2022,2022-05-03,6540,123
2022,2022-05-04,13119,124
2022,2022-05-05,13284,125
2022,2022-05-06,12702,126
2022,2022-05-07,17256,127
2022,2022-05-08,16132,128
2022,2022-05-09,13669,129
2022,2022-05-10,15095,130
2022,2022-05-11,19589,131
2022,2022-05-12,17669,132
2022,2022-05-13,18300,133
2022,2022-05-14,26700,134
2022,2022-05-15,22687,135
2022,2022-05-16,11223,136
2022,2022-05-17,14179,137
2022,2022-05-18,16484,138
2022,2022-05-19,14689,139
2022,2022-05-20,16771,140
2022,2022-05-21,16937,141
2022,2022-05-22,14164,142
2022,2022-05-23,21755,143
2022,2022-05-24,16122,144
2022,2022-05-25,17622,145
2022,2022-05-26,16562,146
2022,2022-05-27,13599,147
2022,2022-05-28,24315,148
2022,2022-05-29,24843,149
2022,2022-05-30,18318,150
2022,2022-05-31,19102,151
2022,2022-06-01,15183,152
2022,2022-06-02,18483,153
2022,2022-06-03,20523,154
2022,2022-06-04,27296,155
2022,2022-06-05,23716,156
2022,2022-06-06,11042,157
2022,2022-06-07,10263,158
2022,2022-06-08,18654,159
2022,2022-06-09,16744,160
2022,2022-06-10,21602,161
2022,2022-06-11,23661,162
2022,2022-06-12,18531,163
2022,2022-06-13,18575,164
2022,2022-06-14,20784,165
2022,2022-06-15,19912,166
2022,2022-06-16,19565,167
2022,2022-06-17,20782,168
2022,2022-06-18,23950,169
2022,2022-06-19,21916,170
2022,2022-06-20,17508,171
2022,2022-06-21,21553,172
2022,2022-06-22,21411,173
2022,2022-06-23,22549,174
2022,2022-06-24,23034,175
2022,2022-06-25,27742,176
2022,2022-06-26,20514,177
2022,2022-06-27,17940,178
2022,2022-06-28,21072,179
2022,2022-06-29,19265,180
2022,2022-06-30,21875,181
2022,2022-07-01,22717,182
2022,2022-07-02,26831,183
2022,2022-07-03,24831,184
2022,2022-07-04,19844,185
2022,2022-07-05,15225,186
2022,2022-07-06,22061,187
2022,2022-07-07,19752,188
2022,2022-07-08,3811,189
2022,2022-07-09,27714,190
2022,2022-07-10,26073,191
2022,2022-07-11,19197,192
2022,2022-07-12,20980,193
2022,2022-07-13,20304,194
2022,2022-07-14,23879,195
2022,2022-07-15,23628,196
2022,2022-07-16,28502,197
2022,2022-07-17,25172,198
2022,2022-07-18,15617,199
2022,2022-07-19,20652,200
2022,2022-07-20,20435,201
2022,2022-07-21,22196,202
2022,2022-07-22,22888,203
2022,2022-07-23,26680,204
2022,2022-07-24,17463,205
2022,2022-07-25,20100,206
2022,2022-07-26,22151,207
2022,2022-07-27,23078,208
2022,2022-07-28,21878,209
2022,2022-07-29,23264,210
2022,2022-07-30,27918,211
2022,2022-07-31,25467,212
2022,2022-08-01,20989,213
2022,2022-08-02,22412,214
2022,2022-08-03,21216,215
2022,2022-08-04,18303,216
2022,2022-08-05,23982,217
2022,2022-08-06,26163,218
2022,2022-08-07,23198,219
2022,2022-08-08,16574,220
2022,2022-08-09,22557,221
2022,2022-08-10,24332,222
2022,2022-08-11,23987,223
2022,2022-08-12,23842,224
2022,2022-08-13,28756,225
2022,2022-08-14,25554,226
2022,2022-08-15,21935,227
2022,2022-08-16,23605,228
2022,2022-08-17,23252,229
2022,2022-08-18,23137,230
2022,2022-08-19,23236,231
2022,2022-08-20,28118,232
2022,2022-08-21,19755,233
2022,2022-08-22,12801,234
2022,2022-08-23,22909,235
2022,2022-08-24,23408,236
2022,2022-08-25,20526,237
2022,2022-08-26,23353,238
2022,2022-08-27,28151,239
2022,2022-08-28,25403,240
2022,2022-08-29,20968,241
2022,2022-08-30,18270,242
2022,2022-08-31,24458,243
2022,2022-09-01,23451,244
2022,2022-09-02,23124,245
2022,2022-09-03,23960,246
2022,2022-09-04,19896,247
2022,2022-09-05,19806,248
2022,2022-09-06,21910,249
2022,2022-09-07,21324,250
2022,2022-09-08,23355,251
2022,2022-09-09,24255,252
2022,2022-09-10,26963,253
2022,2022-09-11,22362,254
2022,2022-09-12,16449,255
2022,2022-09-13,21423,256
2022,2022-09-14,22481,257
2022,2022-09-15,21094,258
2022,2022-09-16,20115,259
2022,2022-09-17,22642,260
2022,2022-09-18,16130,261
2022,2022-09-19,18566,262
2022,2022-09-20,21653,263
2022,2022-09-21,21001,264
2022,2022-09-22,19124,265
2022,2022-09-23,18488,266
2022,2022-09-24,20318,267
2022,2022-09-25,8856,268
2022,2022-09-26,12827,269
2022,2022-09-27,13408,270
2022,2022-09-28,17889,271
2022,2022-09-29,19289,272
2022,2022-09-30,20658,273
2022,2022-10-01,21435,274
2022,2022-10-02,18381,275
2022,2022-10-03,16721,276
2022,2022-10-04,18580,277
2022,2022-10-05,20577,278
2022,2022-10-06,19213,279
2022,2022-10-07,15919,280
2022,2022-10-08,13255,281
2022,2022-10-09,13082,282
2022,2022-10-10,13689,283
2022,2022-10-11,19253,284
2022,2022-10-12,18696,285
2022,2022-10-13,14675,286
2022,2022-10-14,16979,287
2022,2022-10-15,15177,288
2022,2022-10-16,17840,289
2022,2022-10-17,13414,290
2022,2022-10-18,12413,291
2022,2022-10-19,13065,292
2022,2022-10-20,13344,293
2022,2022-10-21,16157,294
2022,2022-10-22,20531,295
2022,2022-10-23,18808,296
2022,2022-10-24,16671,297
2022,2022-10-25,17351,298
2022,2022-10-26,11315,299
2022,2022-10-27,16454,300
2022,2022-10-28,15655,301
2022,2022-10-29,16770,302
2022,2022-10-30,14224,303
2022,2022-10-31,10107,304
2022,2022-12-01,8150,335
2022,2022-12-02,8649,336
2022,2022-12-03,5899,337
2022,2022-12-04,6606,338
2022,2022-12-05,8461,339
2022,2022-12-06,9621,340
2022,2022-12-07,10335,341
2022,2022-12-08,9946,342
2022,2022-12-09,8218,343
2022,2022-12-10,6258,344
2022,2022-12-11,2483,345
2022,2022-12-12,5647,346
2022,2022-12-13,7054,347
2022,2022-12-14,6304,348
2022,2022-12-15,2637,349
2022,2022-12-16,6869,350
2022,2022-12-17,6245,351
2022,2022-12-18,5334,352
2022,2022-12-19,6313,353
2022,2022-12-20,7633,354
2022,2022-12-21,7495,355
2022,2022-12-22,6821,356
2022,2022-12-23,764,357
2022,2022-12-24,853,358
2022,2022-12-25,917,359
2022,2022-12-26,1887,360
2022,2022-12-27,3021,361
2022,2022-12-28,4737,362
2022,2022-12-29,6096,363
2022,2022-12-30,5676,364
2022,2022-12-31,3081,365
2023,2023-01-01,3875,1
2023,2023-01-02,5705,2
2023,2023-01-03,5484,3
2023,2023-01-04,3566,4
2023,2023-01-05,6458,5
2023,2023-01-06,7343,6
2023,2023-01-07,6444,7
2023,2023-01-08,5246,8
2023,2023-01-09,7084,9
2023,2023-01-10,8152,10
2023,2023-01-11,7590,11
2023,2023-01-12,6392,12
2023,2023-01-13,3333,13
2023,2023-01-14,3992,14
2023,2023-01-15,4724,15
2023,2023-01-16,6771,16
2023,2023-01-17,6215,17
2023,2023-01-18,8762,18
2023,2023-01-19,5726,19
2023,2023-01-20,7859,20
2023,2023-01-21,7102,21
2023,2023-01-22,4072,22
2023,2023-01-23,6808,23
2023,2023-01-24,8250,24
2023,2023-01-25,3456,25
2023,2023-01-26,3905,26
2023,2023-01-27,5395,27
2023,2023-01-28,5241,28
2023,2023-01-29,3167,29
2023,2023-01-30,5788,30
2023,2023-01-31,6230,31
2023,2023-02-01,5910,32
2023,2023-02-02,6264,33
2023,2023-02-03,3151,34
2023,2023-02-04,2597,35
2023,2023-02-05,5361,36
2023,2023-02-06,6789,37
2023,2023-02-07,8359,38
2023,2023-02-08,9330,39
2023,2023-02-09,3682,40
2023,2023-02-10,8156,41
2023,2023-02-11,7193,42
2023,2023-02-12,8618,43
2023,2023-02-13,8509,44
2023,2023-02-14,10215,45
2023,2023-02-15,10009,46
2023,2023-02-16,7751,47
2023,2023-02-17,5798,48
2023,2023-02-18,6660,49
2023,2023-02-19,8013,50
2023,2023-02-20,7843,51
2023,2023-02-21,7736,52
2023,2023-02-22,4070,53
2023,2023-02-23,1316,54
2023,2023-02-24,3122,55
2023,2023-02-25,2655,56
2023,2023-02-26,4634,57
2023,2023-02-27,3732,58
2023,2023-02-28,5303,59
2023,2023-03-01,6889,60
2023,2023-03-02,7966,61
2023,2023-03-03,5751,62
2023,2023-03-04,2999,63
2023,2023-03-05,5456,64
2023,2023-03-06,6818,65
2023,2023-03-07,7392,66
2023,2023-03-08,8017,67
2023,2023-03-09,8466,68
2023,2023-03-10,3228,69
2023,2023-03-11,4919,70
2023,2023-03-12,4660,71
2023,2023-03-13,5086,72
2023,2023-03-14,6461,73
2023,2023-03-15,8143,74
2023,2023-03-16,9185,75
2023,2023-03-17,6419,76
2023,2023-03-18,5965,77
2023,2023-03-19,4751,78
2023,2023-03-20,8365,79
2023,2023-03-21,10724,80
2023,2023-03-22,9805,81
2023,2023-03-23,8286,82
2023,2023-03-24,10096,83
2023,2023-03-25,3711,84
2023,2023-03-26,11397,85
2023,2023-03-27,7699,86
2023,2023-03-28,11312,87
2023,2023-03-29,8895,88
2023,2023-03-30,9955,89
2023,2023-03-31,5729,90
2023,2023-04-01,9753,91
2023,2023-04-02,9044,92
2023,2023-04-03,11076,93
2023,2023-04-04,10880,94
2023,2023-04-05,5723,95
2023,2023-04-06,12561,96
2023,2023-04-07,10193,97
2023,2023-04-08,9763,98
2023,2023-04-09,10439,99
2023,2023-04-10,12968,100
2023,2023-04-11,15681,101
2023,2023-04-12,19015,102
2023,2023-04-13,19498,103
2023,2023-04-14,19761,104
2023,2023-04-15,22496,105
2023,2023-04-16,18474,106
2023,2023-04-17,9393,107
2023,2023-04-18,10488,108
2023,2023-04-19,12972,109
2023,2023-04-20,13800,110
2023,2023-04-21,15028,111
2023,2023-04-22,8825,112
2023,2023-04-23,12088,113
2023,2023-04-24,10915,114
2023,2023-04-25,14665,115
2023,2023-04-26,14880,116
2023,2023-04-27,17328,117
2023,2023-04-28,10535,118
2023,2023-04-29,6311,119
2023,2023-04-30,5793,120
2023,2023-05-01,11663,121
2023,2023-05-02,9702,122
2023,2023-05-03,8487,123
2023,2023-05-04,15544,124
2023,2023-05-05,17126,125
2023,2023-05-06,22308,126
2023,2023-05-07,9549,127
2023,2023-05-08,17689,128
2023,2023-05-09,18163,129
2023,2023-05-10,20334,130
2023,2023-05-11,21754,131
2023,2023-05-12,22371,132
2023,2023-05-13,25373,133
2023,2023-05-14,19256,134
2023,2023-05-15,19449,135
2023,2023-05-16,20194,136
2023,2023-05-17,18103,137
2023,2023-05-18,18546,138
2023,2023-05-19,17809,139
2023,2023-05-20,11232,140
2023,2023-05-21,22474,141
2023,2023-05-22,19369,142
2023,2023-05-23,20574,143
2023,2023-05-24,19416,144
2023,2023-05-25,20206,145
2023,2023-05-26,21698,146
2023,2023-05-27,25907,147
2023,2023-05-28,24664,148
2023,2023-05-29,21779,149
2023,2023-05-30,23803,150
2023,2023-05-31,24675,151
2023,2023-06-01,24139,152
2023,2023-06-02,21591,153
2023,2023-06-03,25335,154
2023,2023-06-04,23150,155
2023,2023-06-05,21095,156
2023,2023-06-06,23357,157
2023,2023-06-07,21939,158
2023,2023-06-08,18374,159
2023,2023-06-09,19353,160
2023,2023-06-10,27482,161
2023,2023-06-11,17545,162
2023,2023-06-12,8585,163
2023,2023-06-13,18706,164
2023,2023-06-14,21083,165
2023,2023-06-15,21030,166
2023,2023-06-16,22711,167
2023,2023-06-17,28441,168
2023,2023-06-18,23802,169
2023,2023-06-19,22443,170
2023,2023-06-20,25470,171
2023,2023-06-21,26358,172
2023,2023-06-22,25718,173
2023,2023-06-23,18785,174
2023,2023-06-24,22691,175
2023,2023-06-25,26431,176
2023,2023-06-26,19463,177
2023,2023-06-27,18520,178
2023,2023-06-28,22772,179
2023,2023-06-29,25779,180
2023,2023-06-30,21543,181
2023,2023-07-01,23046,182
2023,2023-07-02,14933,183
2023,2023-07-03,22067,184
2023,2023-07-04,24986,185
2023,2023-07-05,24558,186
2023,2023-07-06,21942,187
2023,2023-07-07,25438,188
2023,2023-07-08,24194,189
2023,2023-07-09,23907,190
2023,2023-07-10,24005,191
2023,2023-07-11,21251,192
2023,2023-07-12,26160,193
2023,2023-07-13,24085,194
2023,2023-07-14,27068,195
2023,2023-07-15,19854,196
2023,2023-07-16,23595,197
2023,2023-07-17,22525,198
2023,2023-07-18,25958,199
2023,2023-07-19,27756,200
2023,2023-07-20,23026,201
2023,2023-07-21,25912,202
2023,2023-07-22,27063,203
2023,2023-07-23,20771,204
2023,2023-07-24,21345,205
2023,2023-07-25,25741,206
2023,2023-07-26,24026,207
2023,2023-07-27,25326,208
2023,2023-07-28,25817,209
2023,2023-07-29,18660,210
2023,2023-07-30,26491,211
2023,2023-07-31,24418,212
2023,2023-08-01,26918,213
2023,2023-08-02,27503,214
2023,2023-08-03,25441,215
2023,2023-08-04,25038,216
2023,2023-08-05,27960,217
2023,2023-08-06,20872,218
2023,2023-08-07,16289,219
2023,2023-08-08,24067,220
2023,2023-08-09,26382,221
2023,2023-08-10,25318,222
2023,2023-08-11,27010,223
2023,2023-08-12,23641,224
2023,2023-08-13,25093,225
2023,2023-08-14,23121,226
2023,2023-08-15,22179,227
2023,2023-08-16,26795,228
2023,2023-08-17,25144,229
2023,2023-08-18,22495,230
2023,2023-08-19,27284,231
2023,2023-08-20,24347,232
2023,2023-08-21,23491,233
2023,2023-08-22,26892,234
2023,2023-08-23,19626,235
2023,2023-08-24,23039,236
2023,2023-08-25,25112,237
2023,2023-08-26,23055,238
2023,2023-08-27,25168,239
2023,2023-08-28,24024,240
2023,2023-08-29,26227,241
2023,2023-08-30,24787,242
2023,2023-08-31,25823,243
2023,2023-09-01,24642,244
2023,2023-09-02,23480,245
2023,2023-09-03,25343,246
2023,2023-09-04,22413,247
2023,2023-09-05,24217,248
2023,2023-09-06,25088,249
2023,2023-09-07,25264,250
2023,2023-09-08,25382,251
2023,2023-09-09,24804,252
2023,2023-09-10,24393,253
2023,2023-09-11,25558,254
2023,2023-09-12,22609,255
2023,2023-09-13,26559,256
2023,2023-09-14,26950,257
2023,2023-09-15,25906,258
2023,2023-09-16,28669,259
2023,2023-09-17,24888,260
2023,2023-09-18,22749,261
2023,2023-09-19,26760,262
2023,2023-09-20,26417,263
2023,2023-09-21,26789,264
2023,2023-09-22,26081,265
2023,2023-09-23,26527,266
2023,2023-09-24,23274,267
2023,2023-09-25,23720,268
2023,2023-09-26,25983,269
2023,2023-09-27,25897,270
2023,2023-09-28,24179,271
2023,2023-09-29,25057,272
2023,2023-09-30,24705,273
2023,2023-10-01,22775,274
2023,2023-10-02,23907,275
2023,2023-10-03,26310,276
2023,2023-10-04,27219,277
2023,2023-10-05,23172,278
2023,2023-10-06,22455,279
2023,2023-10-07,18081,280
2023,2023-10-08,9378,281
2023,2023-10-09,10071,282
2023,2023-10-10,17224,283
2023,2023-10-11,21200,284
2023,2023-10-12,22233,285
2023,2023-10-13,21443,286
2023,2023-10-14,18422,287
2023,2023-10-15,17292,288
2023,2023-10-16,17847,289
2023,2023-10-17,22353,290
2023,2023-10-18,22111,291
2023,2023-10-19,22253,292
2023,2023-10-20,15963,293
2023,2023-10-21,17665,294
2023,2023-10-22,14934,295
2023,2023-10-23,18282,296
2023,2023-10-24,22728,297
2023,2023-10-25,20637,298
2023,2023-10-26,18392,299
2023,2023-10-27,22926,300
2023,2023-10-28,20777,301
2023,2023-10-29,12147,302
2023,2023-10-30,13971,303
2023,2023-10-31,16907,304
2023,2023-11-01,16287,305
2023,2023-11-02,16702,306
2023,2023-11-03,16686,307
2023,2023-11-04,15495,308
2023,2023-11-05,13839,309
2023,2023-11-06,11634,310
2023,2023-11-07,15399,311
2023,2023-11-08,9217,312
2023,2023-11-09,14900,313
2023,2023-11-10,14860,314
2023,2023-11-11,12255,315
2023,2023-11-12,11155,316
2023,2023-11-13,14653,317
2023,2023-11-14,15777,318
2023,2023-11-15,16728,319
2023,2023-11-16,17000,320
2023,2023-11-17,12920,321
2023,2023-11-18,13382,322
2023,2023-11-19,10251,323
2023,2023-11-20,11760,324
2023,2023-11-21,8022,325
2023,2023-11-22,13173,326
2023,2023-11-23,14680,327
2023,2023-11-24,12091,328
2023,2023-11-25,10277,329
2023,2023-11-26,8434,330
2023,2023-11-27,10473,331
2023,2023-11-28,11098,332
2023,2023-11-29,10852,333
2023,2023-11-30,13873,334
2023,2023-12-01,7697,335
2023,2023-12-02,8311,336
2023,2023-12-03,6903,337
2023,2023-12-04,10695,338
2023,2023-12-05,11696,339
2023,2023-12-06,12255,340
2023,2023-12-07,11661,341
2023,2023-12-08,12130,342
2023,2023-12-09,10392,343
2023,2023-12-10,9150,344
2023,2023-12-11,10340,345
2023,2023-12-12,11369,346
2023,2023-12-13,11377,347
2023,2023-12-14,11502,348
2023,2023-12-15,12981,349
2023,2023-12-16,9297,350
2023,2023-12-17,4497,351
2023,2023-12-18,7604,352
2023,2023-12-19,8769,353
2023,2023-12-20,10604,354
2023,2023-12-21,8532,355
2023,2023-12-22,7820,356
2023,2023-12-23,3698,357
2023,2023-12-24,4920,358
2023,2023-12-25,3132,359
2023,2023-12-26,3959,360
2023,2023-12-27,3658,361
2023,2023-12-28,5005,362
2023,2023-12-29,5819,363
2023,2023-12-30,6227,364
2023,2023-12-31,5115,365
2024,2024-01-01,3157,1
2024,2024-01-02,6623,2
2024,2024-01-03,7906,3
2024,2024-01-04,7366,4
2024,2024-01-05,7419,5
2024,2024-01-06,5088,6
2024,2024-01-07,2911,7
2024,2024-01-08,7468,8
2024,2024-01-09,4313,9
2024,2024-01-10,8868,10
2024,2024-01-11,7667,11
2024,2024-01-12,7069,12
2024,2024-01-13,4670,13
2024,2024-01-14,4071,14
2024,2024-01-15,5827,15
2024,2024-01-16,4688,16
2024,2024-01-17,5509,17
2024,2024-01-18,7020,18
2024,2024-01-19,6342,19
2024,2024-01-20,4435,20
2024,2024-01-21,5140,21
2024,2024-01-22,6521,22
2024,2024-01-23,5606,23
2024,2024-01-24,6299,24
2024,2024-01-25,9161,25
2024,2024-01-26,8142,26
2024,2024-01-27,7812,27
2024,2024-01-28,6603,28
2024,2024-01-29,9658,29
2024,2024-01-30,10499,30
2024,2024-01-31,11021,31
2024,2024-02-01,10721,32
2024,2024-02-02,10047,33
2024,2024-02-03,8851,34
2024,2024-02-04,7925,35
2024,2024-02-05,9930,36
2024,2024-02-06,11167,37
2024,2024-02-07,11129,38
2024,2024-02-08,11390,39
2024,2024-02-09,12367,40
2024,2024-02-10,10367,41
2024,2024-02-11,7823,42
2024,2024-02-12,10039,43
2024,2024-02-13,10224,44
2024,2024-02-14,9754,45
2024,2024-02-15,5545,46
2024,2024-02-16,5857,47
2024,2024-02-17,5168,48
2024,2024-02-18,4536,49
2024,2024-02-19,4571,50
2024,2024-02-20,9403,51
2024,2024-02-21,11045,52
2024,2024-02-22,11936,53
2024,2024-02-23,10501,54
2024,2024-02-24,6255,55
2024,2024-02-25,6892,56
2024,2024-02-26,11258,57
2024,2024-02-27,9026,58
2024,2024-02-28,9224,59
2024,2024-02-29,8823,60
2024,2024-03-01,11604,61
2024,2024-03-02,8817,62
2024,2024-03-03,8560,63
2024,2024-03-04,12829,64
2024,2024-03-05,12052,65
2024,2024-03-06,11867,66
2024,2024-03-07,13919,67
2024,2024-03-08,12127,68
2024,2024-03-09,6803,69
2024,2024-03-10,5866,70
2024,2024-03-11,10848,71
2024,2024-03-12,14583,72
2024,2024-03-13,18048,73
2024,2024-03-14,8947,74
2024,2024-03-15,12814,75
2024,2024-03-16,9865,76
2024,2024-03-17,7754,77
2024,2024-03-18,9284,78
2024,2024-03-19,8422,79
2024,2024-03-20,9050,80
2024,2024-03-21,9394,81
2024,2024-03-22,4569,82
2024,2024-03-23,4797,83
2024,2024-03-24,6293,84
2024,2024-03-25,10598,85
2024,2024-03-26,10151,86
2024,2024-03-27,12461,87
2024,2024-03-28,13653,88
2024,2024-03-29,8230,89
2024,2024-03-30,9544,90
2024,2024-03-31,8864,91
2024,2024-04-01,11660,92
2024,2024-04-02,9606,93
2024,2024-04-03,3851,94
2024,2024-04-04,8557,95
2024,2024-04-05,11367,96
2024,2024-04-06,14782,97
2024,2024-04-07,15661,98
2024,2024-04-08,13239,99
2024,2024-04-09,17453,100
2024,2024-04-10,19168,101
2024,2024-04-11,6408,102
2024,2024-04-12,8279,103
2024,2024-04-13,11900,104
2024,2024-04-14,15092,105
2024,2024-04-15,16958,106
2024,2024-04-16,19394,107
2024,2024-04-17,7696,108
2024,2024-04-18,15706,109
2024,2024-04-19,15216,110
2024,2024-04-20,11494,111
2024,2024-04-21,11936,112
2024,2024-04-22,16996,113
2024,2024-04-23,15396,114
2024,2024-04-24,16978,115
2024,2024-04-25,16736,116
2024,2024-04-26,17599,117
2024,2024-04-27,10631,118
2024,2024-04-28,12171,119
2024,2024-04-29,14668,120
2024,2024-04-30,17190,121
2024,2024-05-01,19216,122
2024,2024-05-02,22469,123
2024,2024-05-03,13848,124
2024,2024-05-04,22376,125
2024,2024-05-05,15503,126
2024,2024-05-06,20438,127
2024,2024-05-07,22217,128
2024,2024-05-08,21421,129
2024,2024-05-09,20881,130
2024,2024-05-10,20708,131
2024,2024-05-11,15972,132
2024,2024-05-12,18691,133
2024,2024-05-13,18367,134
2024,2024-05-14,22189,135
2024,2024-05-15,23150,136
2024,2024-05-16,24676,137
2024,2024-05-17,20714,138
2024,2024-05-18,25189,139
2024,2024-05-19,25901,140
2024,2024-05-20,25619,141
2024,2024-05-21,25691,142
2024,2024-05-22,26017,143
2024,2024-05-23,27468,144
2024,2024-05-24,26731,145
2024,2024-05-25,18412,146
2024,2024-05-26,27432,147
2024,2024-05-27,16739,148
2024,2024-05-28,18088,149
2024,2024-05-29,26617,150
2024,2024-05-30,26846,151
2024,2024-05-31,26806,152
2024,2024-06-01,28190,153
2024,2024-06-02,15834,154
2024,2024-06-03,23624,155
2024,2024-06-04,28553,156
2024,2024-06-05,26527,157
2024,2024-06-06,28096,158
2024,2024-06-07,20975,159
2024,2024-06-08,23444,160
2024,2024-06-09,18735,161
2024,2024-06-10,22059,162
2024,2024-06-11,26094,163
2024,2024-06-12,28899,164
2024,2024-06-13,28692,165
2024,2024-06-14,28585,166
2024,2024-06-15,30599,167
2024,2024-06-16,25536,168
2024,2024-06-17,26604,169
2024,2024-06-18,25754,170
2024,2024-06-19,31571,171
2024,2024-06-20,24371,172
2024,2024-06-21,25355,173
2024,2024-06-22,23191,174
2024,2024-06-23,24505,175
2024,2024-06-24,28231,176
2024,2024-06-25,29372,177
2024,2024-06-26,24582,178
2024,2024-06-27,30957,179
2024,2024-06-28,26727,180
2024,2024-06-29,17466,181
2024,2024-06-30,23740,182
2024,2024-07-01,29209,183
2024,2024-07-02,27063,184
2024,2024-07-03,28544,185
2024,2024-07-04,30357,186
2024,2024-07-05,25427,187
2024,2024-07-06,29998,188
2024,2024-07-07,29186,189
2024,2024-07-08,28231,190
2024,2024-07-09,31052,191
2024,2024-07-10,17187,192
2024,2024-07-11,29385,193
2024,2024-07-12,23225,194
2024,2024-07-13,33814,195
2024,2024-07-14,26648,196
2024,2024-07-15,20555,197
2024,2024-07-16,26981,198
2024,2024-07-17,32563,199
2024,2024-07-18,33803,200
2024,2024-07-19,32510,201
2024,2024-07-20,33644,202
2024,2024-07-21,29501,203
2024,2024-07-22,28508,204
2024,2024-07-23,33178,205
2024,2024-07-24,28451,206
2024,2024-07-25,30018,207
2024,2024-07-26,32609,208
2024,2024-07-27,33735,209
2024,2024-07-28,30226,210
2024,2024-07-29,29099,211
2024,2024-07-30,30356,212
2024,2024-07-31,31309,213
2024,2024-08-01,31548,214
2024,2024-08-02,27764,215
2024,2024-08-03,30726,216
2024,2024-08-04,27797,217
2024,2024-08-05,18125,218
2024,2024-08-06,24717,219
2024,2024-08-07,33637,220
2024,2024-08-08,31416,221
2024,2024-08-09,26402,222
2024,2024-08-10,31431,223
2024,2024-08-11,25303,224
2024,2024-08-12,28359,225
2024,2024-08-13,32762,226
2024,2024-08-14,33799,227
2024,2024-08-15,34143,228
2024,2024-08-16,27257,229
2024,2024-08-17,23250,230
2024,2024-08-18,23507,231
2024,2024-08-19,26807,232
2024,2024-08-20,31144,233
2024,2024-08-21,31583,234
2024,2024-08-22,33638,235
2024,2024-08-23,31122,236
2024,2024-08-24,31400,237
2024,2024-08-25,30323,238
2024,2024-08-26,29468,239
2024,2024-08-27,32505,240
2024,2024-08-28,28726,241
2024,2024-08-29,31631,242
2024,2024-08-30,29277,243
2024,2024-08-31,27587,244
2024,2024-09-01,29508,245
2024,2024-09-02,27284,246
2024,2024-09-03,29209,247
2024,2024-09-04,32056,248
2024,2024-09-05,33560,249
2024,2024-09-06,25854,250
2024,2024-09-07,24245,251
2024,2024-09-08,24445,252
2024,2024-09-09,26103,253
2024,2024-09-10,33724,254
2024,2024-09-11,33490,255
2024,2024-09-12,33320,256
2024,2024-09-13,31685,257
2024,2024-09-14,31752,258
2024,2024-09-15,28980,259
2024,2024-09-16,30363,260
2024,2024-09-17,34258,261
2024,2024-09-18,34321,262
2024,2024-09-19,35406,263
2024,2024-09-20,33732,264
2024,2024-09-21,29182,265
2024,2024-09-22,27718,266
2024,2024-09-23,23983,267
2024,2024-09-24,22708,268
2024,2024-09-25,31420,269
2024,2024-09-26,34343,270
2024,2024-09-27,32839,271
2024,2024-09-28,27917,272
2024,2024-09-29,28045,273
2024,2024-09-30,30188,274
2024,2024-10-01,30267,275
2024,2024-10-02,31948,276
2024,2024-10-03,32170,277
2024,2024-10-04,26908,278
2024,2024-10-05,32580,279
2024,2024-10-06,25977,280
2024,2024-10-07,26877,281
2024,2024-10-08,26120,282
2024,2024-10-09,25955,283
2024,2024-10-10,27716,284
2024,2024-10-11,26551,285
2024,2024-10-12,21963,286
2024,2024-10-13,14385,287
2024,2024-10-14,13315,288
2024,2024-10-15,23553,289
2024,2024-10-16,25247,290
2024,2024-10-17,26432,291
2024,2024-10-18,27513,292
2024,2024-10-19,27979,293
2024,2024-10-20,29941,294
2024,2024-10-21,28016,295
2024,2024-10-22,30113,296
2024,2024-10-23,28752,297
2024,2024-10-24,26974,298
2024,2024-10-25,23919,299
2024,2024-10-26,20952,300
2024,2024-10-27,18554,301
2024,2024-10-28,19877,302
2024,2024-10-29,19606,303
2024,2024-10-30,27855,304
2024,2024-10-31,26006,305
2024,2024-11-01,21245,306
2024,2024-11-02,18287,307
2024,2024-11-03,16336,308
2024,2024-11-04,21156,309
2024,2024-11-05,27783,310
2024,2024-11-06,26357,311
2024,2024-11-07,25589,312
2024,2024-11-08,22362,313
2024,2024-11-09,19159,314
2024,2024-11-10,9207,315
2024,2024-11-11,16997,316
2024,2024-11-12,20262,317
2024,2024-11-13,19160,318
2024,2024-11-14,19070,319
2024,2024-11-15,20227,320
2024,2024-11-16,17780,321
2024,2024-11-17,14942,322
2024,2024-11-18,20936,323
2024,2024-11-19,18362,324
2024,2024-11-20,18125,325
2024,2024-11-21,18492,326
2024,2024-11-22,17251,327
2024,2024-11-23,15463,328
2024,2024-11-24,14845,329
2024,2024-11-25,15867,330
2024,2024-11-26,17582,331
2024,2024-11-27,18189,332
2024,2024-11-28,17921,333
2024,2024-11-29,15339,334
2024,2024-11-30,11357,335
2024,2024-12-01,9578,336
2024,2024-12-02,13621,337
2024,2024-12-03,14943,338
2024,2024-12-04,10118,339
2024,2024-12-05,11413,340
2024,2024-12-06,10348,341
2024,2024-12-07,7509,342
2024,2024-12-08,9842,343
2024,2024-12-09,8972,344
2024,2024-12-10,11208,345
2024,2024-12-11,12926,346
2024,2024-12-12,9926,347
2024,2024-12-13,9492,348
2024,2024-12-14,7990,349
2024,2024-12-15,6807,350
2024,2024-12-16,8708,351
2024,2024-12-17,13159,352
2024,2024-12-18,11502,353
2024,2024-12-19,11399,354
2024,2024-12-20,5684,355
2024,2024-12-21,4001,356
2024,2024-12-22,3419,357
2024,2024-12-23,3566,358
2024,2024-12-24,3257,359
2024,2024-12-25,1651,360
2024,2024-12-26,3317,361
2024,2024-12-27,5308,362
2024,2024-12-28,6211,363
2024,2024-12-29,2614,364
2024,2024-12-30,6368,365
2024,2024-12-31,7090,366
2025,2025-01-01,4144,1
2025,2025-01-02,6779,2
2025,2025-01-03,7005,3
2025,2025-01-04,5267,4
2025,2025-01-05,5184,5
2025,2025-01-06,7480,6
2025,2025-01-07,8325,7
2025,2025-01-08,7689,8
2025,2025-01-09,8075,9
2025,2025-01-10,7661,10
2025,2025-01-11,3365,11
2025,2025-01-12,4975,12
2025,2025-01-13,7101,13
2025,2025-01-14,8065,14
2025,2025-01-15,8166,15
2025,2025-01-16,5939,16
2025,2025-01-17,8005,17
2025,2025-01-18,4870,18
2025,2025-01-19,4645,19
2025,2025-01-20,5910,20
2025,2025-01-21,5871,21
2025,2025-01-22,5748,22
2025,2025-01-23,7639,23
2025,2025-01-24,7253,24
2025,2025-01-25,5691,25
2025,2025-01-26,5771,26
2025,2025-01-27,7548,27
2025,2025-01-28,5952,28
2025,2025-01-29,6448,29
2025,2025-01-30,8282,30
2025,2025-01-31,8093,31
2025,2025-02-01,5218,32
2025,2025-02-02,4075,33
2025,2025-02-03,6536,34
2025,2025-02-04,8165,35
2025,2025-02-05,8374,36
2025,2025-02-06,5986,37
2025,2025-02-07,7129,38
2025,2025-02-08,5362,39
2025,2025-02-09,3031,40
2025,2025-02-10,6652,41
2025,2025-02-11,7948,42
2025,2025-02-12,5211,43
2025,2025-02-13,1365,44
2025,2025-02-14,2941,45
2025,2025-02-15,1198,46
2025,2025-02-16,164,47
2025,2025-02-17,509,48
2025,2025-02-18,1403,49
2025,2025-02-19,1730,50
2025,2025-02-20,1921,51
2025,2025-02-21,2383,52
2025,2025-02-22,2119,53
2025,2025-02-23,2505,54
2025,2025-02-24,5396,55
2025,2025-02-25,7183,56
2025,2025-02-26,8031,57
2025,2025-02-27,6409,58
2025,2025-02-28,6726,59
2025,2025-03-01,4532,60
2025,2025-03-02,3950,61
2025,2025-03-03,7672,62
2025,2025-03-04,8949,63
2025,2025-03-05,6087,64
2025,2025-03-06,8025,65
2025,2025-03-07,8588,66
2025,2025-03-08,6732,67
2025,2025-03-09,7623,68
2025,2025-03-10,11758,69
2025,2025-03-11,13571,70
2025,2025-03-12,10443,71
2025,2025-03-13,12052,72
2025,2025-03-14,13224,73
2025,2025-03-15,11034,74
2025,2025-03-16,7928,75
2025,2025-03-17,11865,76
2025,2025-03-18,15776,77
2025,2025-03-19,18303,78
2025,2025-03-20,12052,79
2025,2025-03-21,13500,80
2025,2025-03-22,8171,81
2025,2025-03-23,7647,82
2025,2025-03-24,9275,83
2025,2025-03-25,12452,84
2025,2025-03-26,12952,85
2025,2025-03-27,15262,86
2025,2025-03-28,10265,87
2025,2025-03-29,5616,88
2025,2025-03-30,5267,89
2025,2025-03-31,11607,90
2025,2025-04-01,14611,91
2025,2025-04-02,5931,92
2025,2025-04-03,17846,93
2025,2025-04-04,15942,94
2025,2025-04-05,8266,95
2025,2025-04-06,11043,96
2025,2025-04-07,13114,97
2025,2025-04-08,9631,98
2025,2025-04-09,13729,99
2025,2025-04-10,10234,100
2025,2025-04-11,9867,101
2025,2025-04-12,13927,102
2025,2025-04-13,17628,103
2025,2025-04-14,16432,104
2025,2025-04-15,15063,105
2025,2025-04-16,14419,106
2025,2025-04-17,19166,107
2025,2025-04-18,13181,108
2025,2025-04-19,16422,109
2025,2025-04-20,13863,110
2025,2025-04-21,11620,111
2025,2025-04-22,20849,112
2025,2025-04-23,21252,113
2025,2025-04-24,24282,114
2025,2025-04-25,19729,115
2025,2025-04-26,15247,116
2025,2025-04-27,23416,117
2025,2025-04-28,22528,118
2025,2025-04-29,21139,119
2025,2025-04-30,21148,120
2025,2025-05-01,11317,121
2025,2025-05-02,23078,122
2025,2025-05-03,17755,123
2025,2025-05-04,19302,124
2025,2025-05-05,18297,125
2025,2025-05-06,24769,126
2025,2025-05-07,27813,127
2025,2025-05-08,22557,128
2025,2025-05-09,24665,129
2025,2025-05-10,27788,130
2025,2025-05-11,22929,131
2025,2025-05-12,25646,132
2025,2025-05-13,21892,133
2025,2025-05-14,26469,134
2025,2025-05-15,28559,135
2025,2025-05-16,28689,136
2025,2025-05-17,20389,137
2025,2025-05-18,23482,138
2025,2025-05-19,23826,139
2025,2025-05-20,25130,140
2025,2025-05-21,10795,141
2025,2025-05-22,7017,142
2025,2025-05-23,17776,143
2025,2025-05-24,23320,144
2025,2025-05-25,16145,145
2025,2025-05-26,30084,146
2025,2025-05-27,30082,147
2025,2025-05-28,21348,148
2025,2025-05-29,25477,149
2025,2025-05-30,31030,150
2025,2025-05-31,22035,151
2025,2025-06-01,23778,152
2025,2025-06-02,28647,153
2025,2025-06-03,33120,154
2025,2025-06-04,33254,155
2025,2025-06-05,27770,156
2025,2025-06-06,30912,157
2025,2025-06-07,37847,158
2025,2025-06-08,28383,159
2025,2025-06-09,26036,160
2025,2025-06-10,33530,161
2025,2025-06-11,36466,162
2025,2025-06-12,34536,163
2025,2025-06-13,31497,164
2025,2025-06-14,48883,165
2025,2025-06-15,33786,166
2025,2025-06-16,32484,167
2025,2025-06-17,36030,168
2025,2025-06-18,26915,169
2025,2025-06-19,31084,170
2025,2025-06-20,37113,171
2025,2025-06-21,35215,172
2025,2025-06-22,31893,173
2025,2025-06-23,30693,174
2025,2025-06-24,34169,175
2025,2025-06-25,37094,176
2025,2025-06-26,29323,177
2025,2025-06-27,33602,178
2025,2025-06-28,35790,179
2025,2025-06-29,37307,180
2025,2025-06-30,23467,181
2025,2025-07-01,39947,182
2025,2025-07-02,37371,183
2025,2025-07-03,38701,184
2025,2025-07-04,39021,185
2025,2025-07-05,38989,186
2025,2025-07-06,36282,187
2025,2025-07-07,34770,188
2025,2025-07-08,39453,189
2025,2025-07-09,36702,190
2025,2025-07-10,39833,191
2025,2025-07-11,39356,192
2025,2025-07-12,41401,193
2025,2025-07-13,33708,194
2025,2025-07-14,33207,195
2025,2025-07-15,39573,196
2025,2025-07-16,38582,197
2025,2025-07-17,37822,198
2025,2025-07-18,41710,199
2025,2025-07-19,43077,200
2025,2025-07-20,38523,201
2025,2025-07-21,38222,202
2025,2025-07-22,41281,203
2025,2025-07-23,42158,204
2025,2025-07-24,36131,205
2025,2025-07-25,37683,206
2025,2025-07-26,35471,207
2025,2025-07-27,38253,208
2025,2025-07-28,35705,209
2025,2025-07-29,40342,210
2025,2025-07-30,39896,211
2025,2025-07-31,38892,212
2025,2025-08-01,39264,213
2025,2025-08-02,41759,214
2025,2025-08-03,37857,215
2025,2025-08-04,34490,216
2025,2025-08-05,38386,217
2025,2025-08-06,40303,218
2025,2025-08-07,41442,219
2025,2025-08-08,39323,220
2025,2025-08-09,40596,221
2025,2025-08-10,37615,222
2025,2025-08-11,35911,223
2025,2025-08-12,34020,224
2025,2025-08-13,38323,225
2025,2025-08-14,41803,226
2025,2025-08-15,40675,227
2025,2025-08-16,41496,228
2025,2025-08-17,35051,229
2025,2025-08-18,37030,230
2025,2025-08-19,27176,231
2025,2025-08-20,33513,232
2025,2025-08-21,41490,233
2025,2025-08-22,40608,234
2025,2025-08-23,40121,235
2025,2025-08-24,38347,236
2025,2025-08-25,33631,237
2025,2025-08-26,31399,238
2025,2025-08-27,40248,239
2025,2025-08-28,27582,240
2025,2025-08-29,37075,241
2025,2025-08-30,37772,242
2025,2025-08-31,40391,243
2025,2025-09-01,38047,244
2025,2025-09-02,37295,245
2025,2025-09-03,40447,246
2025,2025-09-04,27280,247
2025,2025-09-05,36120,248
2025,2025-09-06,35993,249
2025,2025-09-07,31719,250
2025,2025-09-08,34967,251
2025,2025-09-09,39049,252
2025,2025-09-10,38531,253
2025,2025-09-11,40028,254
2025,2025-09-12,37444,255
2025,2025-09-13,34796,256
2025,2025-09-14,36398,257
2025,2025-09-15,35394,258
2025,2025-09-16,38215,259
2025,2025-09-17,38247,260
2025,2025-09-18,39011,261
2025,2025-09-19,36921,262
2025,2025-09-20,34392,263
2025,2025-09-21,31886,264
2025,2025-09-22,26914,265
2025,2025-09-23,32619,266
2025,2025-09-24,33309,267
2025,2025-09-25,25580,268
2025,2025-09-26,36510,269
2025,2025-09-27,38572,270
2025,2025-09-28,35437,271
2025,2025-09-29,33946,272
2025,2025-09-30,36934,273
2025,2025-10-01,33481,274
2025,2025-10-02,34373,275
2025,2025-10-03,35661,276
2025,2025-10-04,40439,277
2025,2025-10-05,38127,278
2025,2025-10-06,34958,279
2025,2025-10-07,24632,280
2025,2025-10-08,33154,281
2025,2025-10-09,29882,282
2025,2025-10-10,28012,283
2025,2025-10-11,24243,284
2025,2025-10-12,22842,285
2025,2025-10-13,21413,286
2025,2025-10-14,33695,287
2025,2025-10-15,31336,288
2025,2025-10-16,30669,289
2025,2025-10-17,24623,290
2025,2025-10-18,31982,291
2025,2025-10-19,27207,292
2025,2025-10-20,27212,293
2025,2025-10-21,29924,294
2025,2025-10-22,24313,295
2025,2025-10-23,26767,296
2025,2025-10-24,27729,297
2025,2025-10-25,24850,298
2025,2025-10-26,20742,299
2025,2025-10-27,23157,300
2025,2025-10-28,26548,301
2025,2025-10-29,27120,302
2025,2025-10-30,12930,303
2025,2025-10-31,20461,304
2025,2025-11-01,23749,305
2025,2025-11-02,22118,306
2025,2025-11-03,20686,307
2025,2025-11-04,26328,308
2025,2025-11-05,22807,309
2025,2025-11-06,24113,310
2025,2025-11-07,19442,311
2025,2025-11-08,19551,312
2025,2025-11-09,4523,313
2025,2025-11-10,7504,314
2025,2025-11-11,12872,315
2025,2025-11-12,17974,316
2025,2025-11-13,20345,317
2025,2025-11-14,20511,318
2025,2025-11-15,12048,319
2025,2025-11-16,12211,320
2025,2025-11-17,16544,321
2025,2025-11-18,19406,322
2025,2025-11-19,19579,323
2025,2025-11-20,20266,324
2025,2025-11-21,19188,325
2025,2025-11-22,16281,326
2025,2025-11-23,14259,327
2025,2025-11-24,18378,328
2025,2025-11-25,14513,329
2025,2025-11-26,17989,330
2025,2025-11-27,14847,331
2025,2025-11-28,15132,332
2025,2025-11-29,11813,333
2025,2025-11-30,6957,334
2025,2025-12-01,12917,335
2025,2025-12-02,11433,336
2025,2025-12-03,11693,337
2025,2025-12-04,10023,338
2025,2025-12-05,10617,339
2025,2025-12-06,9878,340
2025,2025-12-07,6792,341
2025,2025-12-08,9533,342
2025,2025-12-09,8762,343
2025,2025-12-10,4689,344
2025,2025-12-11,7533,345
2025,2025-12-12,8594,346
2025,2025-12-13,6818,347
2025,2025-12-14,5151,348
2025,2025-12-15,6729,349
2025,2025-12-16,8530,350
2025,2025-12-17,10826,351
2025,2025-12-18,12174,352
2025,2025-12-19,8006,353
2025,2025-12-20,6839,354
2025,2025-12-21,5267,355
2025,2025-12-22,7901,356
2025,2025-12-23,5344,357
2025,2025-12-24,5556,358
2025,2025-12-25,2525,359
2025,2025-12-26,630,360
2025,2025-12-27,1380,361
2025,2025-12-28,1433,362
2025,2025-12-29,2523,363
2025,2025-12-30,3493,364
2025,2025-12-31,3351,365
2026,2026-01-01,1895,1
2026,2026-01-02,4204,2
2026,2026-01-03,3244,3
2026,2026-01-04,3387,4
2026,2026-01-05,4370,5
2026,2026-01-06,4949,6
2026,2026-01-07,8606,7
2026,2026-01-08,10824,8
2026,2026-01-09,10093,9
2026,2026-01-10,6642,10
2026,2026-01-11,6273,11
2026,2026-01-12,9718,12
2026,2026-01-13,11128,13
2026,2026-01-14,10219,14
2026,2026-01-15,452,15
2026,2026-01-16,1696,16
2026,2026-01-17,3205,17
2026,2026-01-18,3836,18
2026,2026-01-19,5350,19
2026,2026-01-20,5157,20
2026,2026-01-21,3377,21
2026,2026-01-22,5054,22
2026,2026-01-23,3621,23
2026,2026-01-24,2664,24
2026,2026-01-25,442,25
2026,2026-01-26,246,26
2026,2026-01-27,670,27
2026,2026-01-28,1346,28
2026,2026-01-29,1547,29
2026,2026-01-30,1632,30
2026,2026-01-31,1489,31
2026,2026-02-01,1806,32
2026,2026-02-02,3025,33
2026,2026-02-03,3267,34
2026,2026-02-04,3782,35
2026,2026-02-05,3941,36
2026,2026-02-06,2064,37
2026,2026-02-07,1366,38
2026,2026-02-08,1573,39
2026,2026-02-09,3277,40
2026,2026-02-10,3750,41
2026,2026-02-11,5030,42
2026,2026-02-12,5127,43
2026,2026-02-13,4570,44
2026,2026-02-14,3638,45
2026,2026-02-15,3588,46
2026,2026-02-16,3395,47
2026,2026-02-17,7754,48
2026,2026-02-18,1548,49
2026,2026-02-19,3493,50
2026,2026-02-20,3446,51
2026,2026-02-21,3939,52
2026,2026-02-22,2256,53
2026,2026-02-23,4739,54
2026,2026-02-24,5550,55
2026,2026-02-25,5210,56
2026,2026-02-26,6846,57
2026,2026-02-27,8653,58
2026,2026-02-28,6277,59
2026,2026-03-01,3831,60
2026,2026-03-02,6345,61
2026,2026-03-03,8938,62
2026,2026-03-04,11232,63
2026,2026-03-05,8199,64
2026,2026-03-06,7488,65
2026,2026-03-07,8118,66
2026,2026-03-08,10360,67
2026,2026-03-09,15104,68
2026,2026-03-10,15458,69
2026,2026-03-11,7705,70
2026,2026-03-12,10903,71
2026,2026-03-13,5209,72
2026,2026-03-14,7918,73
2026,2026-03-15,5447,74
2026,2026-03-16,8740,75
2026,2026-03-17,5618,76
2026,2026-03-18,8805,77
2026,2026-03-19,12215,78
2026,2026-03-20,7436,79
2026,2026-03-21,9897,80
2026,2026-03-22,6109,81
2026,2026-03-23,10558,82
2026,2026-03-24,12479,83
2026,2026-03-25,13191,84
2026,2026-03-26,10281,85
2026,2026-03-27,11646,86
2026,2026-03-28,9449,87
2026,2026-03-29,11591,88
2026,2026-03-30,19211,89
2026,2026-03-31,12346,90
