route,total_events,significant_delays,total_delay_min,mean_delay_min,median_delay_min,pct_equipment,pct_operations,pct_infrastructure,pct_safety/security,pct_transportation
29 DUFFERIN,1232,1072.0,32790.0,30.58768656716418,10.0,0.10161634644708753,0.755992680695334,0.0,0.028392802683745045,0.11399817017383349
52 LAWRENCE WEST,1554,1417.0,30332.0,21.40578687367678,20.0,0.3452129763945668,0.40125939601740734,0.0,0.059738889621521823,0.19378873796650403
97 YONGE,643,556.0,28027.0,50.40827338129496,30.0,0.12284582723802048,0.6190815998858243,0.0,0.04292289577907018,0.21514967709708496
102 MARKHAM ROAD,1187,1120.0,23760.0,21.214285714285715,12.0,0.33396464646464646,0.4642255892255892,0.0,0.029503367003367004,0.1723063973063973
32 EGLINTON WEST,1701,1466.0,22257.0,15.18212824010914,12.0,0.2791481331715865,0.445163319405131,0.0,0.03940333378263018,0.2362852136406524
63 OSSINGTON,1015,888.0,19535.0,21.998873873873872,10.0,0.09838750959815716,0.7643716406449962,0.0,0.022318914768364475,0.11492193498848222
54 LAWRENCE EAST,1108,1004.0,19445.0,19.367529880478088,12.0,0.19470300848547184,0.508511185394703,0.0,0.06634096168680895,0.2304448444330162
96 WILSON,944,832.0,18200.0,21.875,18.0,0.315989010989011,0.4815934065934066,0.0,0.04543956043956044,0.15697802197802196
86 SCARBOROUGH,865,789.0,17402.0,22.05576679340938,18.0,0.35001723939777035,0.4715549936788875,0.0,0.03424893690380416,0.144178830019538
939 FINCH EXPRESS,1087,1010.0,16909.0,16.74158415841584,14.0,0.35980838606659177,0.4227925956591164,0.0,0.03376899875805784,0.18363001951623395
47 LANSDOWNE,798,700.0,16699.0,23.855714285714285,17.0,0.13437930414994909,0.6542307922630097,0.0,0.039702976226121324,0.1716869273609198
64 MAIN,493,461.0,16346.0,35.45770065075922,10.0,0.08399608466903218,0.8070475957420775,0.0,0.020433133488315183,0.08852318610057507
129 MCCOWAN NORTH,548,513.0,15612.0,30.432748538011698,20.0,0.24180117858057903,0.5519472200871125,0.0,0.0219702792723546,0.18428132205995387
94 WELLESLEY,489,443.0,15337.0,34.620767494356656,20.0,0.08639238442981026,0.7283041011931929,0.0003260089978483406,0.037947447349546845,0.14703005802960162
85 SHEPPARD EAST,948,872.0,14985.0,17.184633027522935,15.0,0.4181514848181515,0.3892559225892559,0.0,0.0359693026359693,0.15662328995662328
37 ISLINGTON,646,597.0,14677.0,24.58458961474037,20.0,0.2902500511003611,0.4523403965388022,0.0012264086666212441,0.038427471554132314,0.21775567214008312
35 JANE,868,779.0,14653.0,18.810012836970476,12.0,0.22445915512181805,0.5569507950590323,0.0,0.0627857776564526,0.15580427216269707
53 STEELES EAST,859,789.0,14275.0,18.09252217997465,9.0,0.23789842381786339,0.5591593695271454,0.0,0.04084063047285464,0.1621015761821366
7 BATHURST,1159,993.0,13939.0,14.037260825780463,10.0,0.35526221393213286,0.4528301886792453,0.0,0.03938589568835641,0.15252170170026544
43 KENNEDY,731,690.0,13587.0,19.691304347826087,10.0,0.2149113122838007,0.5435342606903658,0.0,0.09185250607198057,0.14970192095385296
68 WARDEN,527,477.0,13498.0,28.29769392033543,20.0,0.23336790635649726,0.5166691361683212,0.0,0.049266558008593864,0.20069639946658765
75 SHERBOURNE,514,455.0,13035.0,28.64835164835165,9.0,0.08216340621403913,0.7835826620636748,0.0,0.05354813962408899,0.08070579209819716
165 WESTON ROAD NORTH,988,875.0,13019.0,14.878857142857143,8.0,0.26369152776710963,0.5882940317996774,0.0,0.02342729856363776,0.12458714186957523
39 FINCH EAST,645,586.0,12978.0,22.146757679180887,17.0,0.2787794729542302,0.4721836954846664,0.0,0.04523038989058407,0.20380644167051934
95 YORK MILLS,953,880.0,12742.0,14.479545454545455,10.0,0.4269345471668498,0.3566943964840684,0.0,0.04653900486579815,0.16983205148328362
12 KINGSTON ROAD,459,420.0,12577.0,29.945238095238096,22.0,0.2712888606185895,0.4646577085155442,0.0,0.052476743261509105,0.21157668760435716
24 VICTORIA PARK,752,700.0,12521.0,17.88714285714286,10.0,0.24215318265314273,0.5369379442536538,0.0,0.03442217075313474,0.18648670234006867
38 HIGHLAND CREEK,664,628.0,12314.0,19.60828025477707,15.0,0.3499269124573656,0.438687672567809,0.0,0.029478642195874614,0.1819067727789508
34 EGLINTON EAST,839,764.0,12276.0,16.06806282722513,10.0,0.20177582274356468,0.49006190941674815,0.0,0.04447702834799609,0.2636852394916911
133 NEILSON,626,553.0,11879.0,21.481012658227847,15.0,0.32999410724808487,0.5184779863624884,0.0,0.028621937873558382,0.12290596851586834
162 LAWRENCE-DONWAY,110,95.0,11712.0,123.28421052631579,30.0,0.06446379781420765,0.8487021857923497,0.0,0.0025614754098360654,0.08427254098360656
116 MORNINGSIDE,927,847.0,11212.0,13.237308146399055,8.0,0.30663574741348554,0.4952729218694256,0.0,0.050214056368176954,0.14787727434891187
161 ROGERS ROAD,327,284.0,11098.0,39.07746478873239,20.0,0.09533249234096233,0.7106685889349432,0.0,0.0261308343845738,0.16786808433952063
19 BAY,229,209.0,10949.0,52.38755980861244,25.0,0.08968855603251438,0.7228970682254087,0.0,0.02429445611471367,0.16311991962736322
36 FINCH WEST,1206,1018.0,10752.0,10.56188605108055,6.0,0.35658482142857145,0.43210565476190477,0.0,0.059895833333333336,0.15141369047619047
84 SHEPPARD WEST,659,616.0,10657.0,17.300324675324674,9.0,0.32635826217509617,0.4953551656188421,0.0,0.027681336210941165,0.15060523599512057
88 SOUTH LEASIDE,233,201.0,10561.0,52.54228855721393,24.0,0.06268345800587066,0.7388504876432156,0.0,0.028974528927184925,0.1694915254237288
110 ISLINGTON SOUTH,366,351.0,10304.0,29.356125356125357,25.0,0.2746506211180124,0.45982142857142855,0.0,0.026106366459627328,0.23942158385093168
73 ROYAL YORK,358,333.0,10278.0,30.864864864864863,23.0,0.24275150807550108,0.535999221638451,0.0,0.03249659466822339,0.18875267561782447
160 BATHURST NORTH,291,169.0,10201.0,60.36094674556213,24.0,0.0916576806195471,0.8018821684148613,0.0,0.01078325654347613,0.09567689442211548
121 ESPLANADE-RIVER,245,224.0,9936.0,44.357142857142854,20.0,0.0861513687600644,0.7492954911433173,0.0,0.02787842190016103,0.13667471819645732
134 PROGRESS,284,254.0,9723.0,38.27952755905512,15.0,0.15777023552401523,0.7105831533477321,0.0,0.012547567623161575,0.11909904350509103
72 PAPE,576,518.0,9675.0,18.677606177606176,9.0,0.13147286821705426,0.7044961240310077,0.0,0.026253229974160207,0.13777777777777778
13 AVENUE ROAD,153,130.0,9589.0,73.76153846153846,25.0,0.06090311815622067,0.821149233496715,0.0,0.010950046928772552,0.10699760141829179
41 KEELE,661,604.0,9390.0,15.54635761589404,10.0,0.24653887113951012,0.47838125665601705,0.0,0.04866879659211928,0.22641107561235357
929 DUFFERIN EXPRESS,731,617.0,9244.0,14.982171799027553,8.0,0.15685850281263522,0.6061228905235828,0.0,0.03115534400692341,0.2058632626568585
123 SHERWAY,407,392.0,9146.0,23.331632653061224,16.0,0.294445659304614,0.45790509512355126,0.0,0.03772140826590859,0.2099278373059261
131 NUGGET,441,400.0,9144.0,22.86,15.0,0.35465879265091865,0.5132327209098863,0.0,0.01990376202974628,0.11220472440944881
59 MAPLE LEAF,218,176.0,9094.0,51.67045454545455,30.0,0.16142511546074334,0.6544974708599076,0.0,0.020782933802507148,0.16329447987684187
42 CUMMER,321,298.0,8980.0,30.13422818791946,12.0,0.19465478841870823,0.7053452115812917,0.0,0.014587973273942094,0.08541202672605791
108 DRIFTWOOD,337,312.0,8876.0,28.44871794871795,20.0,0.2901081568273997,0.5664713835060838,0.0,0.01768814781433078,0.12573231185218567
112 WEST MALL,350,326.0,8841.0,27.119631901840492,22.0,0.2613957697093089,0.4582060852844701,0.0,0.04049315688270558,0.23990498812351543
26 DUPONT,226,201.0,8682.0,43.19402985074627,27.0,0.1621746141442064,0.6482377332411887,0.0,0.046072333563695,0.14351531905090992
927 HIGHWAY 27 EXPRESS,539,485.0,8665.0,17.8659793814433,10.0,0.3381419503750721,0.5307559145989613,0.0,0.028043854587420657,0.10305828043854587
21 BRIMLEY,358,309.0,8552.0,27.676375404530745,20.0,0.247310570626754,0.5341440598690365,0.0,0.025140318054256313,0.19340505144995324
45 KIPLING,435,401.0,8515.0,21.23441396508728,10.0,0.21197886083382267,0.5860246623605402,0.0,0.024427480916030534,0.1775689958896066
80 QUEENSWAY,274,251.0,8467.0,33.733067729083665,23.0,0.2518011101925121,0.5716310381481045,0.0,0.023739222865241525,0.15282862879414197
904 SHEPPARD-KENNEDY E,529,482.0,8322.0,17.265560165975103,15.0,0.4012256669069935,0.40146599375150205,0.0,0.034727229031482815,0.16258111031002162
903 KENNEDY SCARBOROUG,517,448.0,8256.0,18.428571428571427,10.0,0.30995639534883723,0.515140503875969,0.0,0.0342781007751938,0.140625
40 JUNCTION-DUNDAS WES,301,281.0,8206.0,29.202846975088967,24.0,0.28430416768218375,0.45308310991957107,0.0,0.054837923470631246,0.20777479892761394
154 CURRAN HALL,229,185.0,8091.0,43.73513513513514,22.0,0.12495365220615498,0.6761834136695093,0.0,0.03646026449141021,0.16240266963292546
25 DON MILLS,931,750.0,8012.0,10.682666666666666,9.0,0.213554667998003,0.4053919121318023,0.0,0.04942586120818772,0.331627558662007
107 YORK UNIVERSITY HE,141,120.0,7997.0,66.64166666666667,29.5,0.11541828185569589,0.7530323871451794,0.0,0.004376641240465174,0.1271726897586595
89 WESTON,651,588.0,7809.0,13.28061224489796,10.0,0.19247022666154437,0.47867844794467923,0.0,0.06197976693558714,0.2668715584581893
996 WILSON EXPRESS,577,500.0,7650.0,15.3,10.0,0.28444444444444444,0.5196078431372549,0.0,0.02235294117647059,0.17359477124183006
127 DAVENPORT,128,121.0,7456.0,61.6198347107438,26.0,0.09603004291845493,0.7982832618025751,0.0,0.009522532188841202,0.09616416309012875
14 GLENCAIRN,178,169.0,7382.0,43.680473372781066,28.0,0.16472500677323218,0.6001083717149824,0.0,0.02031969655919805,0.21484692495258736
11 BAYVIEW,341,275.0,7357.0,26.752727272727274,22.0,0.2086448280549137,0.47831996737800736,0.0,0.04607856463232296,0.266956639934756
168 SYMINGTON,292,264.0,7135.0,27.026515151515152,12.0,0.15248773651016118,0.698948843728101,0.0,0.029572529782761037,0.11899088997897687
69 WARDEN SOUTH,289,278.0,7093.0,25.514388489208635,20.0,0.269984491752432,0.39489637670943184,0.0,0.048216551529677146,0.28690258000845903
17 BIRCHMOUNT,281,263.0,7077.0,26.90874524714829,19.0,0.19810654232019217,0.6138194150063586,0.0,0.03306485799067401,0.1550091846827752
57 MIDLAND,279,266.0,6927.0,26.041353383458645,12.0,0.18276310090948464,0.6503536884654252,0.0,0.0389779125162408,0.12790529810884943
51 LESLIE,253,202.0,6831.0,33.81683168316832,25.0,0.1711316059142146,0.5625823451910409,0.0,0.055189576928707365,0.21109647196603717
109 RANEE,205,142.0,6818.0,48.014084507042256,38.5,0.1331768847169258,0.5268407157524201,0.0,0.052948078615429744,0.2870343209152244
905 EGLINTON EAST EXPR,308,289.0,6767.0,23.41522491349481,12.0,0.21856066203635288,0.6388355253435791,0.0,0.04595832717600118,0.0966454854440668
104 FAYWOOD,142,132.0,6759.0,51.20454545454545,26.0,0.18005622133451693,0.6449178872614292,0.0,0.0076934457760023675,0.1673324456280515
960 STEELES WEST EXPRE,627,527.0,6681.0,12.67741935483871,9.0,0.3132764556204161,0.449034575662326,0.0,0.05178865439305493,0.18590031432420295
77 SWANSEA,89,78.0,6573.0,84.26923076923077,15.0,0.046097672295755364,0.8944165525635174,0.0,0.0038034383082306404,0.05568233683249658
20 CLIFFSIDE,238,218.0,6460.0,29.63302752293578,19.5,0.19876160990712075,0.5710526315789474,0.0,0.03808049535603715,0.19210526315789472
71 RUNNYMEDE,208,198.0,6368.0,32.16161616161616,15.0,0.1564070351758794,0.7358668341708543,0.0,0.026067839195979898,0.08165829145728644
79 SCARLETT ROAD,280,247.0,6240.0,25.263157894736842,20.0,0.17996794871794872,0.46025641025641023,0.0,0.038461538461538464,0.3213141025641026
9 BELLAMY,237,225.0,6233.0,27.702222222222222,19.0,0.2751484036579496,0.47280603240815017,0.0,0.04267607893470239,0.20936948499919783
130 MIDDLEFIELD,231,208.0,6225.0,29.927884615384617,25.0,0.27196787148594376,0.48562248995983937,0.0,0.02072289156626506,0.2216867469879518
33 FOREST HILL,94,85.0,6203.0,72.97647058823529,29.0,0.07593100112848622,0.8026761244559084,0.0,0.014992745445752055,0.10640012896985329
300 BLOOR-DANFORTH,422,253.0,6123.0,24.201581027667984,15.0,0.07904621917360771,0.6307365670422995,0.0,0.157765801077903,0.13245141270618976
902 MARKHAM RD EXPRESS,324,301.0,5962.0,19.80730897009967,12.0,0.31415632338141564,0.5261657162026165,0.0,0.03136531365313653,0.12831264676283127
925 DON MILLS EXPRESS,547,416.0,5956.0,14.317307692307692,10.0,0.17377434519811955,0.5416386836803224,0.0,0.03609805238415044,0.24848891873740767
8 BROADVIEW,204,189.0,5891.0,31.16931216931217,22.0,0.18553726022746564,0.5518587676116109,0.0,0.03089458496010864,0.2317093872008148
31 GREENWOOD,225,205.0,5878.0,28.673170731707316,12.0,0.12521265736645118,0.6917318815923783,0.0,0.031133038448451854,0.15192242259271863
118 THISTLE DOWN,159,144.0,5838.0,40.541666666666664,25.0,0.210517300445358,0.6337786913326482,0.0,0.03220280918122645,0.12350119904076738
100 FLEMINGDON PARK,691,531.0,5718.0,10.768361581920903,8.0,0.1794333683105981,0.43529206016089544,0.0,0.049667715984610006,0.33560685554389647
169 HUNTINGWOOD,184,173.0,5680.0,32.83236994219653,30.0,0.3869718309859155,0.3190140845070423,0.0,0.01056338028169014,0.2834507042253521
44 KIPLING SOUTH,466,407.0,5673.0,13.938574938574938,8.0,0.2783359774369822,0.5855808214348669,0.0,0.02344438568658558,0.11263881544156532
76 ROYAL YORK SOUTH,262,241.0,5634.0,23.37759336099585,10.0,0.1989705360312389,0.65193468228612,0.0,0.0326588569400071,0.116435924742634
62 MORTIMER,181,173.0,5556.0,32.115606936416185,20.0,0.15424766018718503,0.6029517638588913,0.0,0.011339092872570195,0.2314614830813535
56 LEASIDE,238,192.0,5537.0,28.838541666666668,20.0,0.15983384504244175,0.6301246162181687,0.0,0.03341159472638613,0.17662994401300344
67 PHARMACY,246,220.0,5267.0,23.94090909090909,16.0,0.16138219100056958,0.5697740649325992,0.0,0.020505031327131194,0.2483387127397
122 GRAYDON HALL,260,236.0,5193.0,22.00423728813559,12.0,0.3144617754669748,0.4209512805699981,0.0,0.02792220296553052,0.23666474099749663
16 MCCOWAN,339,312.0,5170.0,16.57051282051282,10.0,0.24119922630560928,0.5491295938104449,0.0,0.05938104448742747,0.15029013539651837
46 MARTIN GROVE,238,223.0,5150.0,23.094170403587444,19.0,0.3095145631067961,0.4566990291262136,0.0,0.045242718446601944,0.18854368932038834
87 COSBURN,111,98.0,5103.0,52.07142857142857,10.0,0.023515579071134628,0.8928081520674114,0.0,0.01861650009798158,0.06505976876347247
82 ROSEDALE,49,48.0,5077.0,105.77083333333333,25.0,0.03643884183572976,0.9026984439629703,0.0,0.009848335631278314,0.05101437857002167
60 STEELES WEST,452,406.0,5018.0,12.35960591133005,10.0,0.2971303308090873,0.45496213630928656,0.0,0.07154244719011559,0.17636508569151058
91 WOODBINE,216,149.0,4950.0,33.22147651006711,25.0,0.15595959595959596,0.5418181818181819,0.0,0.03575757575757576,0.26646464646464646
65 PARLIAMENT,280,252.0,4946.0,19.626984126984127,13.0,0.1253538212697129,0.6298018600889608,0.0,0.0715729882733522,0.17327133036797412
995 YORK MILLS EXPRESS,378,363.0,4864.0,13.399449035812673,10.0,0.4329769736842105,0.3503289473684211,0.0,0.02652138157894737,0.19017269736842105
935 JANE EXPRESS,383,350.0,4655.0,13.3,10.0,0.3323308270676692,0.41611170784103113,0.0,0.056283566058002145,0.19527389903329753
126 CHRISTIE,113,97.0,4630.0,47.7319587628866,30.0,0.05939524838012959,0.7079913606911447,0.0,0.03498920086393088,0.1976241900647948
113 DANFORTH,189,174.0,4624.0,26.57471264367816,20.0,0.23680795847750866,0.5315743944636678,0.0,0.05341695501730104,0.1782006920415225
989 WESTON EXPRESS,197,171.0,4535.0,26.52046783625731,15.0,0.19625137816979052,0.5977949283351709,0.0,0.02557883131201764,0.18037486218302096
55 WARREN PARK,73,66.0,4299.0,65.13636363636364,27.5,0.11165387299371947,0.7715747848336822,0.0,0.0209351011863224,0.09583624098627588
106 SENTINEL,172,148.0,4048.0,27.35135135135135,15.0,0.26457509881422925,0.5696640316205533,0.0,0.023221343873517788,0.14253952569169961
66 PRINCE EDWARD,144,125.0,3985.0,31.88,16.0,0.22409033877038895,0.5089084065244668,0.0,0.09836888331242158,0.16863237139272272
22 COXWELL,203,189.0,3977.0,21.04232804232804,10.0,0.1365350766909731,0.6967563490067891,0.0,0.05556952476741262,0.11113904953482524
98 WILLOWDALE-SENLAC,154,138.0,3970.0,28.768115942028984,23.0,0.25642317380352647,0.4239294710327456,0.0,0.03173803526448363,0.28790931989924434
70 O'CONNOR,230,204.0,3844.0,18.84313725490196,11.0,0.17872008324661812,0.5681581685744017,0.0,0.06555671175858481,0.18756503642039543
114 QUEENS QUAY EAST,258,228.0,3832.0,16.80701754385965,10.0,0.21346555323590813,0.5381002087682673,0.0,0.04984342379958246,0.19859081419624217
101 DOWNSVIEW PARK,80,75.0,3750.0,50.0,30.0,0.13626666666666667,0.6237333333333334,0.0,0.024,0.216
320 YONGE,462,224.0,3646.0,16.276785714285715,6.0,0.06884256719692813,0.628085573230938,0.0,0.2643993417443774,0.03867251782775644
135 GERRARD,95,86.0,3531.0,41.05813953488372,20.0,0.1784197111299915,0.6559048428207307,0.0,0.04021523647691872,0.1254602095723591
90 VAUGHAN,239,192.0,3505.0,18.255208333333332,10.0,0.10841654778887304,0.7352353780313837,0.0,0.02653352353780314,0.12981455064194009
92 WOODBINE SOUTH,156,137.0,3458.0,25.240875912408757,14.0,0.13100057836899942,0.6318681318681318,0.0,0.05696934644303065,0.18016194331983806
74 MOUNT PLEASANT,63,58.0,3275.0,56.46551724137931,25.0,0.08946564885496183,0.7651908396946565,0.0,0.0,0.14534351145038168
167 PHARMACY NORTH,81,74.0,3256.0,44.0,30.0,0.22512285012285013,0.605958230958231,0.0,0.036855036855036855,0.13206388206388206
924 VICTORIA PARK EXPR,242,233.0,3220.0,13.819742489270386,10.0,0.25403726708074537,0.5543478260869565,0.0,0.013975155279503106,0.17763975155279504
185 SHEPPARD CENTRAL,137,129.0,3161.0,24.503875968992247,24.0,0.22397975324264474,0.4251819044606137,0.0,0.022144890857323633,0.3286934514394179
78 ST. ANDREWS,134,124.0,3156.0,25.451612903225808,21.0,0.37896070975918883,0.3539290240811153,0.0,0.02376425855513308,0.24334600760456274
111 EAST MALL,231,209.0,3006.0,14.382775119617225,12.0,0.3962075848303393,0.2870924817032601,0.0,0.06420492348636062,0.25249500998003993
149 ETOBICOKE-BLOOR,123,119.0,2994.0,25.159663865546218,25.0,0.3259853039412158,0.40080160320641284,0.0,0.01002004008016032,0.2631930527722111
119 TORBARRIE,86,83.0,2985.0,35.963855421686745,20.0,0.2137353433835846,0.6067001675041876,0.0,0.017755443886097153,0.16180904522613065
120 CALVINGTON,99,91.0,2976.0,32.7032967032967,30.0,0.36223118279569894,0.41397849462365593,0.0,0.025201612903225805,0.19858870967741934
23 DAWES,206,188.0,2941.0,15.643617021276595,10.0,0.21795307718463108,0.5358721523291398,0.0,0.0499829989799388,0.19619177150629039
15 EVANS,108,103.0,2895.0,28.106796116504853,25.0,0.2766839378238342,0.46528497409326425,0.0,0.023488773747841106,0.23454231433506045
61 AVENUE ROAD NORTH,139,91.0,2861.0,31.439560439560438,20.0,0.17651170919259002,0.5900034952813702,0.0,0.037399510660608176,0.19608528486543167
28 BAYVIEW SOUTH,20,19.0,2763.0,145.42105263157896,35.0,0.013029315960912053,0.9627216793340572,0.0,0.006876583423814694,0.01737242128121607
334 EGLINTON EAST,74,43.0,2623.0,61.0,30.0,0.011437285550895921,0.7788791460160122,0.0,0.15249714067861228,0.0571864277544796
984 SHEPPARD WEST EXPR,162,148.0,2572.0,17.37837837837838,10.0,0.3522550544323484,0.5742612752721618,0.0,0.006609642301710731,0.06687402799377916
83 JONES,128,110.0,2514.0,22.854545454545455,17.0,0.1913285600636436,0.5381861575178998,0.0,0.05171042163882259,0.21877486077963404
105 DUFFERIN NORTH,142,126.0,2497.0,19.817460317460316,15.0,0.3452142571085302,0.3672406888265919,0.0,0.056868241890268324,0.23067681217460953
900 AIRPORT EXPRESS,253,195.0,2487.0,12.753846153846155,10.0,0.34418978689183755,0.40008041817450746,0.0,0.04664254121431444,0.20908725371934056
124 SUNNYBROOK,152,146.0,2428.0,16.63013698630137,11.5,0.2985996705107084,0.4464579901153213,0.0,0.04118616144975288,0.21375617792421747
952 LAWRENCE WEST EXPR,216,180.0,2366.0,13.144444444444444,12.0,0.36601859678782755,0.31783601014370244,0.0,0.047337278106508875,0.2688081149619611
945 KIPLING EXPRESS,180,169.0,2344.0,13.8698224852071,10.0,0.26109215017064846,0.26919795221843,0.0,0.029863481228668942,0.4398464163822526
117 BIRCHMOUNT SOUTH,25,23.0,2299.0,99.95652173913044,22.0,0.03436276642018269,0.8877772944758591,0.0,0.013049151805132666,0.06481078729882557
985 SHEPPARD EAST EXPR,177,153.0,2291.0,14.973856209150327,12.0,0.47664775207333043,0.34875600174596244,0.0,0.005237887385421213,0.1693583587952859
30 HIGH PARK NORTH,74,70.0,2250.0,32.142857142857146,25.0,0.2311111111111111,0.39555555555555555,0.0,0.044444444444444446,0.3288888888888889
50 BURNHAMTHORPE,114,105.0,2206.0,21.00952380952381,18.0,0.32774252039891205,0.3866727107887579,0.0,0.023118766999093383,0.26246600181323665
29C DUFFERIN,5,5.0,2134.0,426.8,351.0,0.0,1.0,0.0,0.0,0.0
48 RATHBURN,65,63.0,2103.0,33.38095238095238,25.0,0.25630052306229195,0.43937232524964337,0.0,0.061816452686638136,0.24251069900142652
325 DON MILLS,44,36.0,1996.0,55.44444444444444,30.0,0.05060120240480962,0.6783567134268537,0.0,0.03006012024048096,0.2409819639278557
354 LAWRENCE EAST,35,29.0,1992.0,68.6896551724138,30.0,0.050200803212851405,0.7891566265060241,0.0,0.0818273092369478,0.0788152610441767
324 VICTORIA PARK,16,15.0,1903.0,126.86666666666666,83.0,0.0,0.9369416710457172,0.0,0.015764582238570676,0.047293746715712036
336 FINCH WEST,59,43.0,1885.0,43.83720930232558,20.0,0.06896551724137931,0.7506631299734748,0.0,0.07427055702917772,0.10610079575596817
302 KINGSTON ROAD-MCCO,28,22.0,1844.0,83.81818181818181,30.0,0.04880694143167028,0.886117136659436,0.0,0.03253796095444685,0.03253796095444685
941 KEELE EXPRESS,115,106.0,1744.0,16.452830188679247,15.0,0.2815366972477064,0.36295871559633025,0.0,0.008600917431192661,0.34690366972477066
968 WARDEN EXPRESS,83,71.0,1738.0,24.47887323943662,17.0,0.17779056386651323,0.7036823935558113,0.0,0.010356731875719217,0.10817031070195628
307 BATHURST,73,48.0,1722.0,35.875,30.0,0.07723577235772358,0.6260162601626016,0.0,0.13066202090592335,0.16608594657375145
343 KENNEDY,28,26.0,1702.0,65.46153846153847,30.0,0.041128084606345476,0.8707403055229143,0.0,0.0881316098707403,0.0
953 STEELES EAST EXPRE,57,56.0,1689.0,30.160714285714285,13.0,0.2522202486678508,0.6465364120781527,0.0,0.013617525162818236,0.08762581409117821
Unknown,757,75.0,1664.0,22.186666666666667,12.0,0.15985576923076922,0.6929086538461539,0.0,0.029447115384615384,0.11778846153846154
202 CHERRY BEACH,69,43.0,1628.0,37.86046511627907,30.0,0.04606879606879607,0.6474201474201474,0.0,0.05466830466830467,0.25184275184275184
954 LAWRENCE EAST EXPR,109,99.0,1545.0,15.606060606060606,10.0,0.24854368932038834,0.5106796116504855,0.0,0.04724919093851133,0.1935275080906149
986 SCARBOROUGH EXPRES,147,143.0,1524.0,10.657342657342657,6.0,0.4251968503937008,0.44291338582677164,0.0,0.015748031496062992,0.11614173228346457
322 COXWELL,33,27.0,1405.0,52.03703703703704,30.0,0.10676156583629894,0.8149466192170819,0.0,0.042704626334519574,0.03558718861209965
937 ISLINGTON EXPRESS,100,96.0,1389.0,14.46875,14.0,0.39092872570194387,0.35277177825773937,0.0,0.0367170626349892,0.21958243340532757
329 DUFFERIN,48,31.0,1376.0,44.38709677419355,30.0,0.06758720930232558,0.7107558139534884,0.0,0.15625,0.06540697674418605
132 MILNER,59,49.0,1362.0,27.79591836734694,23.0,0.2276064610866373,0.5726872246696035,0.0,0.042584434654919234,0.15712187958883994
189 STOCKYARDS,39,36.0,1359.0,37.75,25.0,0.152317880794702,0.5099337748344371,0.0,0.054451802796173655,0.28329654157468726
352 LAWRENCE WEST,49,32.0,1334.0,41.6875,30.0,0.1686656671664168,0.4827586206896552,0.0,0.25862068965517243,0.08995502248875563
49 BLOOR WEST,55,52.0,1231.0,23.673076923076923,22.5,0.35012185215272135,0.29894394800974816,0.0,0.07554833468724614,0.27538586515028435
332 EGLINTON WEST,38,31.0,1217.0,39.25806451612903,30.0,0.09860312243221035,0.5258833196384552,0.0,0.05505341002465078,0.32046014790468363
125 DREWRY,117,83.0,1207.0,14.542168674698795,15.0,0.2203811101905551,0.3131731565865783,0.0,0.053852526926263466,0.4125932062966031
93 PARKVIEW HILLS,44,40.0,1178.0,29.45,30.0,0.1536502546689304,0.32682512733446517,0.0,0.08913412563667232,0.4303904923599321
900 AIRPORT ROCKET,98,88.0,1173.0,13.329545454545455,10.0,0.32651321398124467,0.4492753623188406,0.0,0.08184143222506395,0.1423699914748508
128 STANLEY GREENE,42,39.0,1107.0,28.384615384615383,25.0,0.36314363143631434,0.3830171635049684,0.0,0.018066847335140017,0.23577235772357724
99 ARROW ROAD,50,44.0,1098.0,24.954545454545453,15.0,0.3205828779599271,0.5774134790528234,0.0,0.01639344262295082,0.08561020036429873
353 STEELES,44,27.0,1045.0,38.7037037037037,30.0,0.05741626794258373,0.6411483253588517,0.0,0.10047846889952153,0.20095693779904306
363 OSSINGTON,25,24.0,1011.0,42.125,30.0,0.02967359050445104,0.6656775469831849,0.0,0.05440158259149357,0.2502472799208704
385 SHEPPARD EAST,25,15.0,974.0,64.93333333333334,30.0,0.06673511293634497,0.8562628336755647,0.0,0.015400410677618069,0.061601642710472276
74 MT. PLEASANT,29,24.0,813.0,33.875,20.0,0.12054120541205413,0.3296432964329643,0.0,0.0,0.5498154981549815
938 HIGHLAND CREEK EXP,12,8.0,784.0,98.0,15.0,0.05739795918367347,0.9094387755102041,0.0,0.01403061224489796,0.01913265306122449
335 JANE,38,28.0,765.0,27.321428571428573,20.0,0.0,0.673202614379085,0.0,0.19607843137254902,0.13071895424836602
171 MT. DENNIS,30,28.0,749.0,26.75,20.0,0.32710280373831774,0.47930574098798395,0.0,0.0,0.19359145527369825
103 MT. PLEASANT NORTH,15,15.0,728.0,48.53333333333333,25.0,0.061813186813186816,0.7115384615384616,0.0,0.0,0.22664835164835165
164 CASTLEFIELD,22,22.0,704.0,32.0,25.0,0.18607954545454544,0.4659090909090909,0.0,0.0,0.34801136363636365
184 ANCASTER PARK,15,14.0,685.0,48.92857142857143,25.5,0.14306569343065692,0.21897810218978103,0.0,0.0,0.637956204379562
339 FINCH EAST,38,21.0,614.0,29.238095238095237,20.0,0.03257328990228013,0.7231270358306189,0.0,0.06514657980456026,0.1791530944625407
396 WILSON,27,19.0,604.0,31.789473684210527,20.0,0.06622516556291391,0.8344370860927153,0.0,0.0,0.09933774834437085
944 KIPLING SOUTH EXPR,59,54.0,601.0,11.12962962962963,8.0,0.3860232945091514,0.4908485856905158,0.0,0.013311148086522463,0.10981697171381032
30 HIGH PARK,20,18.0,601.0,33.388888888888886,27.0,0.30449251247920134,0.4825291181364393,0.0,0.036605657237936774,0.17637271214642264
201 BLUFFER'S PARK,29,24.0,576.0,24.0,15.0,0.2204861111111111,0.4791666666666667,0.0,0.03819444444444445,0.2621527777777778
337 ISLINGTON,17,14.0,569.0,40.642857142857146,30.0,0.21441124780316345,0.6151142355008787,0.0,0.1054481546572935,0.06502636203866433
162,1,1.0,557.0,557.0,557.0,0.0,1.0,0.0,0.0,0.0
395 YORK MILLS,21,18.0,533.0,29.61111111111111,30.0,0.225140712945591,0.5215759849906192,0.0,0.19699812382739212,0.05628517823639775
341 KEELE,17,12.0,436.0,36.333333333333336,30.0,0.13761467889908258,0.6330275229357798,0.0,0.16055045871559634,0.06880733944954129
39B FINCH EAST,3,3.0,428.0,142.66666666666666,175.0,0.0,1.0,0.0,0.0,0.0
191 UNDERHILL,19,18.0,409.0,22.72222222222222,20.0,0.4034229828850856,0.36674816625916873,0.0,0.0,0.22982885085574573
10 VAN HORNE,15,15.0,408.0,27.2,30.0,0.38480392156862747,0.29411764705882354,0.0,0.07352941176470588,0.24754901960784315
47,2,2.0,391.0,195.5,195.5,0.05115089514066496,0.948849104859335,0.0,0.0,0.0
85 SHEPPARD EAST - A B,1,1.0,387.0,387.0,387.0,0.0,1.0,0.0,0.0,0.0
115 SILVER HILLS,16,14.0,363.0,25.928571428571427,22.5,0.26170798898071623,0.3415977961432507,0.0,0.12121212121212122,0.27548209366391185
117 ALNESS-CHESSWOOD,10,9.0,356.0,39.55555555555556,22.0,0.11797752808988764,0.7640449438202247,0.0,0.0,0.11797752808988764
LINE 2 SHUTTLE,27,6.0,332.0,55.333333333333336,6.5,0.015060240963855422,0.9698795180722891,0.0,0.015060240963855422,0.0
365 PARLIAMENT,8,7.0,329.0,47.0,30.0,0.0,0.574468085106383,0.0,0.182370820668693,0.24316109422492402
37B ISLINGTON,1,1.0,325.0,325.0,325.0,0.0,1.0,0.0,0.0,0.0
511 BATHURST,9,7.0,325.0,46.42857142857143,10.0,0.03076923076923077,0.8061538461538461,0.0,0.06153846153846154,0.10153846153846154
999,325,28.0,303.0,10.821428571428571,8.0,0.22112211221122113,0.19141914191419143,0.0,0.033003300330033,0.5544554455445545
102D MARKHAM ROAD,3,2.0,293.0,146.5,146.5,0.0,1.0,0.0,0.0,0.0
34 EGLINTON EAST - C B,2,2.0,280.0,140.0,140.0,0.0,1.0,0.0,0.0,0.0
97 YONGE (C BRANCH),1,1.0,265.0,265.0,265.0,0.0,1.0,0.0,0.0,0.0
149,11,11.0,257.0,23.363636363636363,25.0,0.33852140077821014,0.5058365758754864,0.0,0.09727626459143969,0.058365758754863814
506 CARLTON,4,3.0,253.0,84.33333333333333,33.0,0.0,0.9604743083003953,0.0,0.039525691699604744,0.0
28 BAYVIEW,1,1.0,237.0,237.0,237.0,0.0,1.0,0.0,0.0,0.0
LINE 1 SHUTTLE,44,9.0,236.0,26.22222222222222,5.0,0.0423728813559322,0.9152542372881356,0.0,0.0211864406779661,0.0211864406779661
600,187,19.0,231.0,12.157894736842104,10.0,0.696969696969697,0.09956709956709957,0.0,0.0,0.20346320346320346
315 EVANS-BROWN'S LINE,5,3.0,230.0,76.66666666666667,30.0,0.0,0.8695652173913043,0.0,0.13043478260869565,0.0
RAD,22,5.0,224.0,44.8,24.0,0.15178571428571427,0.8482142857142857,0.0,0.0,0.0
149 ETOBICOKE BLOOR,9,8.0,215.0,26.875,27.5,0.3488372093023256,0.5348837209302325,0.0,0.0,0.11627906976744186
200 TORONTO ZOO,11,10.0,205.0,20.5,20.0,0.4878048780487805,0.12195121951219512,0.0,0.0,0.3902439024390244
34C EGLINTON EAST,1,1.0,196.0,196.0,196.0,0.0,1.0,0.0,0.0,0.0
95 YORK MILLS/995 YORK,1,1.0,196.0,196.0,196.0,0.0,1.0,0.0,0.0,0.0
89/ / 989 WESTON,1,1.0,193.0,193.0,193.0,0.0,1.0,0.0,0.0,0.0
504 KING,23,20.0,192.0,9.6,10.0,0.3125,0.2864583333333333,0.0,0.08854166666666667,0.3125
52B LAWRENCE WEST,1,1.0,171.0,171.0,171.0,0.0,1.0,0.0,0.0,0.0
384 SHEPPARD WEST,9,5.0,165.0,33.0,30.0,0.18181818181818182,0.45454545454545453,0.0,0.36363636363636365,0.0
149 ETOBICOKE - BLOOR,6,6.0,155.0,25.833333333333332,25.0,0.3548387096774194,0.3225806451612903,0.0,0.0,0.3225806451612903
504,21,17.0,153.0,9.0,10.0,0.11764705882352941,0.32679738562091504,0.0,0.13071895424836602,0.42483660130718953
386 SCARBOROUGH,1,1.0,150.0,150.0,150.0,0.0,1.0,0.0,0.0,0.0
47 LANSDOWNE - A BRANC,1,1.0,150.0,150.0,150.0,0.0,1.0,0.0,0.0,0.0
304 KING,1,1.0,137.0,137.0,137.0,0.0,1.0,0.0,0.0,0.0
939B FINCH EXPRESS,2,2.0,130.0,65.0,65.0,0.0,1.0,0.0,0.0,0.0
63,4,4.0,124.0,31.0,14.0,0.0,1.0,0.0,0.0,0.0
340 JUNCTION,6,4.0,120.0,30.0,30.0,0.25,0.25,0.0,0.0,0.5
131,1,1.0,119.0,119.0,119.0,0.0,1.0,0.0,0.0,0.0
59 MAPLE LEAF (A-BRANC,1,1.0,119.0,119.0,119.0,0.0,1.0,0.0,0.0,0.0
501 QUEEN,8,4.0,108.0,27.0,24.0,0.046296296296296294,0.7314814814814815,0.0,0.0,0.2222222222222222
503 KINGSTON ROAD,10,9.0,100.0,11.11111111111111,10.0,0.31,0.39,0.0,0.1,0.2
166 TORYORK,4,4.0,97.0,24.25,25.0,0.7422680412371134,0.0,0.0,0.0,0.25773195876288657
09 BELLAMY,1,1.0,92.0,92.0,92.0,0.0,1.0,0.0,0.0,0.0
307 BATHURST NIGHT BUS,1,1.0,91.0,91.0,91.0,0.0,1.0,0.0,0.0,0.0
24B VICTORIA PARK,1,1.0,89.0,89.0,89.0,0.0,1.0,0.0,0.0,0.0
99,1,1.0,88.0,88.0,88.0,0.0,1.0,0.0,0.0,0.0
52 LAWRENCE WEST & 952,1,1.0,73.0,73.0,73.0,0.0,1.0,0.0,0.0,0.0
52,4,4.0,70.0,17.5,20.0,0.2857142857142857,0.5714285714285714,0.0,0.0,0.14285714285714285
600 RAD,90,6.0,67.0,11.166666666666666,10.0,0.7761194029850746,0.0,0.0,0.07462686567164178,0.14925373134328357
512 ST. CLAIR,4,3.0,66.0,22.0,17.0,0.0,0.5303030303030303,0.0,0.4696969696969697,0.0
129 MCCOWAN NORTH (A-B,1,1.0,61.0,61.0,61.0,0.0,1.0,0.0,0.0,0.0
BD,11,3.0,60.0,20.0,20.0,0.0,0.3333333333333333,0.0,0.6666666666666666,0.0
84 SHEPPARD WEST 984,1,1.0,57.0,57.0,57.0,0.0,1.0,0.0,0.0,0.0
506,8,4.0,54.0,13.5,10.0,0.18518518518518517,0.14814814814814814,0.0,0.48148148148148145,0.18518518518518517
29 DUFFERIN / 929 DUFF,1,1.0,54.0,54.0,54.0,0.0,1.0,0.0,0.0,0.0
509 HARBOURFRONT,8,6.0,53.0,8.833333333333334,10.0,0.6981132075471698,0.18867924528301888,0.0,0.0,0.11320754716981132
960,2,2.0,49.0,24.5,24.5,0.0,1.0,0.0,0.0,0.0
511,6,5.0,48.0,9.6,10.0,0.20833333333333334,0.5833333333333334,0.0,0.0,0.20833333333333334
927D  HIGHWAY 27 EXPRE,1,1.0,48.0,48.0,48.0,0.0,1.0,0.0,0.0,0.0
1202,2,2.0,46.0,23.0,23.0,1.0,0.0,0.0,0.0,0.0
929 DUFFERIN,2,2.0,45.0,22.5,22.5,0.0,0.8222222222222222,0.0,0.17777777777777778,0.0
SHUTTLE BUS,22,3.0,43.0,14.333333333333334,11.0,0.0,1.0,0.0,0.0,0.0
37 ISLINGTON (A-BRANCH,1,1.0,38.0,38.0,38.0,0.0,1.0,0.0,0.0,0.0
32 EGLINTON EAST,1,1.0,36.0,36.0,36.0,0.0,1.0,0.0,0.0,0.0
393,1,1.0,35.0,35.0,35.0,0.0,1.0,0.0,0.0,0.0
32C EGLINTON WEST,1,1.0,35.0,35.0,35.0,0.0,1.0,0.0,0.0,0.0
304,1,1.0,32.0,32.0,32.0,0.0,1.0,0.0,0.0,0.0
503,4,4.0,31.0,7.75,7.5,0.0,0.0,0.0,0.3225806451612903,0.6774193548387096
123C SHERWAY,1,1.0,30.0,30.0,30.0,0.0,1.0,0.0,0.0,0.0
149 ETOBICOKE- BLOOR,1,1.0,30.0,30.0,30.0,0.0,1.0,0.0,0.0,0.0
337 EVANS,1,1.0,30.0,30.0,30.0,0.0,0.0,0.0,1.0,0.0
102,1,1.0,30.0,30.0,30.0,1.0,0.0,0.0,0.0,0.0
149 ETOBICOKE,1,1.0,30.0,30.0,30.0,1.0,0.0,0.0,0.0,0.0
14 GLENCAIRN / 28 BAYV,1,1.0,30.0,30.0,30.0,0.0,0.0,0.0,0.0,1.0
14 GLENCAIRN/ 28,1,1.0,30.0,30.0,30.0,0.0,0.0,0.0,0.0,1.0
368,1,1.0,30.0,30.0,30.0,0.0,0.0,0.0,0.0,1.0
79A SCARLETT ROAD,1,1.0,30.0,30.0,30.0,0.0,1.0,0.0,0.0,0.0
510 SPADINA,20,5.0,28.0,5.6,6.0,0.0,0.39285714285714285,0.0,0.0,0.6071428571428571
512,2,2.0,27.0,13.5,13.5,0.0,1.0,0.0,0.0,0.0
94A WELLESLEY,1,1.0,25.0,25.0,25.0,0.0,1.0,0.0,0.0,0.0
97B YONGE,1,1.0,25.0,25.0,25.0,0.0,1.0,0.0,0.0,0.0
164 CASTELFIELD,1,1.0,25.0,25.0,25.0,0.0,0.0,0.0,0.0,1.0
149 - ETOBICOKE-BLOOR,1,1.0,25.0,25.0,25.0,1.0,0.0,0.0,0.0,0.0
79B SCARLETT ROAD,1,1.0,24.0,24.0,24.0,0.0,1.0,0.0,0.0,0.0
LINE 2,3,2.0,23.0,11.5,11.5,0.0,1.0,0.0,0.0,0.0
123 SHERWAY - F,1,1.0,22.0,22.0,22.0,0.0,1.0,0.0,0.0,0.0
08,1,1.0,22.0,22.0,22.0,1.0,0.0,0.0,0.0,0.0
510,5,2.0,22.0,11.0,11.0,0.45454545454545453,0.5454545454545454,0.0,0.0,0.0
14,1,1.0,22.0,22.0,22.0,1.0,0.0,0.0,0.0,0.0
39C FINCH EAST,1,1.0,21.0,21.0,21.0,0.0,0.0,0.0,0.0,1.0
9984,2,2.0,20.0,10.0,10.0,0.5,0.5,0.0,0.0,0.0
203,1,1.0,20.0,20.0,20.0,0.0,1.0,0.0,0.0,0.0
307 BATHURST NIGHT,1,1.0,20.0,20.0,20.0,0.0,0.0,0.0,0.0,1.0
501,3,2.0,20.0,10.0,10.0,0.0,1.0,0.0,0.0,0.0
505 DUNDAS,3,2.0,20.0,10.0,10.0,0.0,0.0,0.0,0.5,0.5
165,1,1.0,20.0,20.0,20.0,0.0,1.0,0.0,0.0,0.0
89,2,2.0,20.0,10.0,10.0,0.0,0.0,0.0,0.0,1.0
147,1,1.0,19.0,19.0,19.0,0.0,0.0,0.0,0.0,1.0
439,1,1.0,18.0,18.0,18.0,1.0,0.0,0.0,0.0,0.0
69,1,1.0,18.0,18.0,18.0,1.0,0.0,0.0,0.0,0.0
503 KINGSTON,2,2.0,18.0,9.0,9.0,1.0,0.0,0.0,0.0,0.0
85 SHEPPARD EAST / 985,1,1.0,18.0,18.0,18.0,0.0,1.0,0.0,0.0,0.0
124,1,1.0,17.0,17.0,17.0,1.0,0.0,0.0,0.0,0.0
96,1,1.0,16.0,16.0,16.0,0.0,0.0,0.0,0.0,1.0
106 SENTIAL,1,1.0,15.0,15.0,15.0,0.0,0.0,0.0,0.0,1.0
301,1,1.0,15.0,15.0,15.0,0.0,0.0,0.0,1.0,0.0
9535,1,1.0,15.0,15.0,15.0,0.0,1.0,0.0,0.0,0.0
134,2,1.0,15.0,15.0,15.0,0.0,0.0,0.0,0.0,1.0
77 SWANSEA (LINE 2 SHU,1,1.0,15.0,15.0,15.0,0.0,1.0,0.0,0.0,0.0
825,1,1.0,15.0,15.0,15.0,0.0,1.0,0.0,0.0,0.0
999 (33 FOREST HILL),1,1.0,15.0,15.0,15.0,0.0,0.0,0.0,0.0,1.0
306 COLLEGE NIGHT,1,1.0,14.0,14.0,14.0,0.0,1.0,0.0,0.0,0.0
32A EGLINTON WEST,1,1.0,14.0,14.0,14.0,0.0,1.0,0.0,0.0,0.0
827,1,1.0,13.0,13.0,13.0,0.0,0.0,0.0,0.0,1.0
953 STEELES EXPRESS,1,1.0,13.0,13.0,13.0,0.0,0.0,0.0,0.0,1.0
3935,1,1.0,12.0,12.0,12.0,0.0,0.0,0.0,0.0,1.0
9252,1,1.0,12.0,12.0,12.0,0.0,0.0,0.0,0.0,1.0
9020,1,1.0,12.0,12.0,12.0,0.0,1.0,0.0,0.0,0.0
133,1,1.0,12.0,12.0,12.0,1.0,0.0,0.0,0.0,0.0
9985,1,1.0,12.0,12.0,12.0,0.0,0.0,0.0,0.0,1.0
114,1,1.0,12.0,12.0,12.0,0.0,0.0,0.0,0.0,1.0
111,1,1.0,12.0,12.0,12.0,1.0,0.0,0.0,0.0,0.0
7107,1,1.0,10.0,10.0,10.0,0.0,0.0,0.0,0.0,1.0
806,1,1.0,10.0,10.0,10.0,1.0,0.0,0.0,0.0,0.0
513 QUEEN EAST,1,1.0,10.0,10.0,10.0,0.0,0.0,0.0,1.0,0.0
929 DUFFERIN EXPRESS (,1,1.0,10.0,10.0,10.0,0.0,0.0,0.0,0.0,1.0
203 HIGH PARK,1,1.0,10.0,10.0,10.0,0.0,0.0,0.0,0.0,1.0
1 LINE SHUTTLE,3,1.0,10.0,10.0,10.0,0.0,1.0,0.0,0.0,0.0
102 MARKHAM RD,1,1.0,10.0,10.0,10.0,0.0,0.0,0.0,0.0,1.0
505,1,1.0,10.0,10.0,10.0,0.0,0.0,0.0,1.0,0.0
88 SHOUTH LEASIDE,1,1.0,10.0,10.0,10.0,0.0,1.0,0.0,0.0,0.0
47 LANSDOWNE (RAD BUS),1,1.0,10.0,10.0,10.0,0.0,0.0,0.0,0.0,1.0
512 ST CLAIR,4,1.0,10.0,10.0,10.0,0.0,1.0,0.0,0.0,0.0
939 FINCH EAST,1,1.0,10.0,10.0,10.0,0.0,1.0,0.0,0.0,0.0
500,4,2.0,10.0,5.0,5.0,0.0,0.5,0.0,0.5,0.0
32 EGLINTON WEST (RAD),1,1.0,10.0,10.0,10.0,0.0,0.0,0.0,0.0,1.0
444,1,1.0,10.0,10.0,10.0,1.0,0.0,0.0,0.0,0.0
TRAINING BUS,12,1.0,10.0,10.0,10.0,0.0,0.0,0.0,0.0,1.0
YU,16,1.0,10.0,10.0,10.0,1.0,0.0,0.0,0.0,0.0
9484,1,1.0,10.0,10.0,10.0,1.0,0.0,0.0,0.0,0.0
100 FLEMINGDON PARK (6,2,1.0,10.0,10.0,10.0,0.0,0.0,0.0,1.0,0.0
507,1,1.0,10.0,10.0,10.0,0.0,0.0,0.0,0.0,1.0
506 SHUTTLE,2,1.0,10.0,10.0,10.0,0.0,0.0,0.0,0.0,1.0
35 JANE - B BRANCH,1,1.0,10.0,10.0,10.0,0.0,0.0,0.0,0.0,1.0
929,1,1.0,10.0,10.0,10.0,0.0,0.0,0.0,1.0,0.0
534,1,1.0,9.0,9.0,9.0,0.0,0.0,0.0,0.0,1.0
929 DUFFERIN EXPRESS -,1,1.0,8.0,8.0,8.0,0.0,0.0,0.0,0.0,1.0
41,2,1.0,8.0,8.0,8.0,0.0,1.0,0.0,0.0,0.0
305,1,1.0,8.0,8.0,8.0,0.0,0.0,0.0,0.0,1.0
LINE 2 SHUTTLE BUS,8,1.0,8.0,8.0,8.0,0.0,1.0,0.0,0.0,0.0
29 DUFFERIN EXPRESS,1,1.0,8.0,8.0,8.0,0.0,1.0,0.0,0.0,0.0
86,2,1.0,8.0,8.0,8.0,0.0,0.0,0.0,1.0,0.0
1 SHUTTLE,5,1.0,7.0,7.0,7.0,0.0,1.0,0.0,0.0,0.0
116,1,1.0,7.0,7.0,7.0,1.0,0.0,0.0,0.0,0.0
935,1,1.0,7.0,7.0,7.0,0.0,0.0,0.0,1.0,0.0
94 WELLESLEY - STATION,1,1.0,7.0,7.0,7.0,0.0,0.0,0.0,0.0,1.0
945 KIPLING,1,1.0,6.0,6.0,6.0,0.0,0.0,0.0,1.0,0.0
956,2,1.0,6.0,6.0,6.0,0.0,1.0,0.0,0.0,0.0
100,2,1.0,6.0,6.0,6.0,0.0,1.0,0.0,0.0,0.0
999 RAD,4,1.0,5.0,5.0,5.0,1.0,0.0,0.0,0.0,0.0
705,1,1.0,5.0,5.0,5.0,0.0,0.0,0.0,0.0,1.0
506 SHUTTLE BUS,1,1.0,5.0,5.0,5.0,0.0,1.0,0.0,0.0,0.0
503 KINGSTON RD,1,1.0,5.0,5.0,5.0,0.0,1.0,0.0,0.0,0.0
506 REPLACEMENT,1,1.0,5.0,5.0,5.0,0.0,0.0,0.0,0.0,1.0
9129,1,1.0,5.0,5.0,5.0,1.0,0.0,0.0,0.0,0.0
RAD 600,4,1.0,5.0,5.0,5.0,0.0,1.0,0.0,0.0,0.0
600 SERIES,4,1.0,5.0,5.0,5.0,1.0,0.0,0.0,0.0,0.0
500 (512 ST CLAIR),1,1.0,5.0,5.0,5.0,0.0,1.0,0.0,0.0,0.0
600-RAD,2,0.0,0.0,0.0,0.0,0.0,0.0,0.0,0.0,0.0
600 (42 CUMMER),1,0.0,0.0,0.0,0.0,0.0,0.0,0.0,0.0,0.0
600 (RAD),2,0.0,0.0,0.0,0.0,0.0,0.0,0.0,0.0,0.0
600/ 84A  SHEPPARD,1,0.0,0.0,0.0,0.0,0.0,0.0,0.0,0.0,0.0
600/ 85,1,0.0,0.0,0.0,0.0,0.0,0.0,0.0,0.0,0.0
600/ LINE 2 SHUTTLE,1,0.0,0.0,0.0,0.0,0.0,0.0,0.0,0.0,0.0
600/42,1,0.0,0.0,0.0,0.0,0.0,0.0,0.0,0.0,0.0
600RAD,7,0.0,0.0,0.0,0.0,0.0,0.0,0.0,0.0,0.0
171 MOUNT DENNIS,1,0.0,0.0,0.0,0.0,0.0,0.0,0.0,0.0,0.0
600 SHUTTLE LINE 1,1,0.0,0.0,0.0,0.0,0.0,0.0,0.0,0.0,0.0
RAD (600),1,0.0,0.0,0.0,0.0,0.0,0.0,0.0,0.0,0.0
601RAD,1,0.0,0.0,0.0,0.0,0.0,0.0,0.0,0.0,0.0
166,1,0.0,0.0,0.0,0.0,0.0,0.0,0.0,0.0,0.0
600 RAD BUS,8,0.0,0.0,0.0,0.0,0.0,0.0,0.0,0.0,0.0
600 RAD LINE 1,1,0.0,0.0,0.0,0.0,0.0,0.0,0.0,0.0,0.0
102 MARKHAM ROAD (RAD,1,0.0,0.0,0.0,0.0,0.0,0.0,0.0,0.0,0.0
600 RAD LINE 1 SHUTTLE,1,0.0,0.0,0.0,0.0,0.0,0.0,0.0,0.0,0.0
FLEET 898,1,0.0,0.0,0.0,0.0,0.0,0.0,0.0,0.0,0.0
OTC TRAINING BUS,3,0.0,0.0,0.0,0.0,0.0,0.0,0.0,0.0,0.0
OTC BUS,3,0.0,0.0,0.0,0.0,0.0,0.0,0.0,0.0,0.0
999 (100 FLEMINGDON),1,0.0,0.0,0.0,0.0,0.0,0.0,0.0,0.0,0.0
CNE SHUTTLES,1,0.0,0.0,0.0,0.0,0.0,0.0,0.0,0.0,0.0
CHARTERED BUS,1,0.0,0.0,0.0,0.0,0.0,0.0,0.0,0.0,0.0
FLEET A398,1,0.0,0.0,0.0,0.0,0.0,0.0,0.0,0.0,0.0
FLEET A,1,0.0,0.0,0.0,0.0,0.0,0.0,0.0,0.0,0.0
999 - SHUTTLE,1,0.0,0.0,0.0,0.0,0.0,0.0,0.0,0.0,0.0
A,5,0.0,0.0,0.0,0.0,0.0,0.0,0.0,0.0,0.0
A150,1,0.0,0.0,0.0,0.0,0.0,0.0,0.0,0.0,0.0
A304,1,0.0,0.0,0.0,0.0,0.0,0.0,0.0,0.0,0.0
A421,1,0.0,0.0,0.0,0.0,0.0,0.0,0.0,0.0,0.0
999 (165 WESTON ROAD),1,0.0,0.0,0.0,0.0,0.0,0.0,0.0,0.0,0.0
999 (7 BATHURST),1,0.0,0.0,0.0,0.0,0.0,0.0,0.0,0.0,0.0
999 - RAD,1,0.0,0.0,0.0,0.0,0.0,0.0,0.0,0.0,0.0
A433,1,0.0,0.0,0.0,0.0,0.0,0.0,0.0,0.0,0.0
A356,1,0.0,0.0,0.0,0.0,0.0,0.0,0.0,0.0,0.0
7 BATHURST (RAD),1,0.0,0.0,0.0,0.0,0.0,0.0,0.0,0.0,0.0
76,1,0.0,0.0,0.0,0.0,0.0,0.0,0.0,0.0,0.0
7935,1,0.0,0.0,0.0,0.0,0.0,0.0,0.0,0.0,0.0
76 ROYAL YORK SOUTH (B,1,0.0,0.0,0.0,0.0,0.0,0.0,0.0,0.0,0.0
200,1,0.0,0.0,0.0,0.0,0.0,0.0,0.0,0.0,0.0
80 QUEENSWAY (RAD),1,0.0,0.0,0.0,0.0,0.0,0.0,0.0,0.0,0.0
FLEET 079,1,0.0,0.0,0.0,0.0,0.0,0.0,0.0,0.0,0.0
52F LAWRENCE WEST,1,0.0,0.0,0.0,0.0,0.0,0.0,0.0,0.0,0.0
555,16,0.0,0.0,0.0,0.0,0.0,0.0,0.0,0.0,0.0
54,1,0.0,0.0,0.0,0.0,0.0,0.0,0.0,0.0,0.0
600 - ARROW DIVISION,1,0.0,0.0,0.0,0.0,0.0,0.0,0.0,0.0,0.0
600 - RAD,1,0.0,0.0,0.0,0.0,0.0,0.0,0.0,0.0,0.0
831 STREETCAR WAY,1,0.0,0.0,0.0,0.0,0.0,0.0,0.0,0.0,0.0
84 SHEPPARD,1,0.0,0.0,0.0,0.0,0.0,0.0,0.0,0.0,0.0
600 - RUNNING AS 506,1,0.0,0.0,0.0,0.0,0.0,0.0,0.0,0.0,0.0
600 CONSTRUCTION,1,0.0,0.0,0.0,0.0,0.0,0.0,0.0,0.0,0.0
600 RAD - LINE 1 SHUTT,2,0.0,0.0,0.0,0.0,0.0,0.0,0.0,0.0,0.0
301 QUEEN NIGHT,1,0.0,0.0,0.0,0.0,0.0,0.0,0.0,0.0,0.0
600 RAD - OPERATING ON,1,0.0,0.0,0.0,0.0,0.0,0.0,0.0,0.0,0.0
600 RAD - OPERATING AS,1,0.0,0.0,0.0,0.0,0.0,0.0,0.0,0.0,0.0
600 SERIES (SHUTTLE),1,0.0,0.0,0.0,0.0,0.0,0.0,0.0,0.0,0.0
600 SHUTTLE,1,0.0,0.0,0.0,0.0,0.0,0.0,0.0,0.0,0.0
925,2,0.0,0.0,0.0,0.0,0.0,0.0,0.0,0.0,0.0
899,12,0.0,0.0,0.0,0.0,0.0,0.0,0.0,0.0,0.0
899 OTC,1,0.0,0.0,0.0,0.0,0.0,0.0,0.0,0.0,0.0
506 RAD BUS,1,0.0,0.0,0.0,0.0,0.0,0.0,0.0,0.0,0.0
939 FINCH EXPRESS (B),1,0.0,0.0,0.0,0.0,0.0,0.0,0.0,0.0,0.0
507 (600 RAD),1,0.0,0.0,0.0,0.0,0.0,0.0,0.0,0.0,0.0
899 TRAINING BUS,2,0.0,0.0,0.0,0.0,0.0,0.0,0.0,0.0,0.0
508 LAKESHORE,1,0.0,0.0,0.0,0.0,0.0,0.0,0.0,0.0,0.0
9*7,1,0.0,0.0,0.0,0.0,0.0,0.0,0.0,0.0,0.0
900,3,0.0,0.0,0.0,0.0,0.0,0.0,0.0,0.0,0.0
130 NEILSON,1,0.0,0.0,0.0,0.0,0.0,0.0,0.0,0.0,0.0
512 ST CLAIR - 600 RAD,1,0.0,0.0,0.0,0.0,0.0,0.0,0.0,0.0,0.0
600 SERIES (84 SHEPPAR,1,0.0,0.0,0.0,0.0,0.0,0.0,0.0,0.0,0.0
600 RAD ON 67 PHARMACY,1,0.0,0.0,0.0,0.0,0.0,0.0,0.0,0.0,0.0
61 AVENUE ROAD NORTH (,1,0.0,0.0,0.0,0.0,0.0,0.0,0.0,0.0,0.0
511 BATHURST (600),1,0.0,0.0,0.0,0.0,0.0,0.0,0.0,0.0,0.0
600 CONSTRUCTION XTRA,1,0.0,0.0,0.0,0.0,0.0,0.0,0.0,0.0,0.0
600 LINE SHUTTLE,1,0.0,0.0,0.0,0.0,0.0,0.0,0.0,0.0,0.0
600 RAD (41 ROUTE),1,0.0,0.0,0.0,0.0,0.0,0.0,0.0,0.0,0.0
600 RAD (LINE 1 SHUTTL,1,0.0,0.0,0.0,0.0,0.0,0.0,0.0,0.0,0.0
600 RAD - 116 BUS,1,0.0,0.0,0.0,0.0,0.0,0.0,0.0,0.0,0.0
REVENUE DEPARTMENT,1,0.0,0.0,0.0,0.0,0.0,0.0,0.0,0.0,0.0
RAD 72 PAPE,1,0.0,0.0,0.0,0.0,0.0,0.0,0.0,0.0,0.0
RAD 999,1,0.0,0.0,0.0,0.0,0.0,0.0,0.0,0.0,0.0
96 WILSON (OTC),1,0.0,0.0,0.0,0.0,0.0,0.0,0.0,0.0,0.0
35 JANE (TRAINING BUS),1,0.0,0.0,0.0,0.0,0.0,0.0,0.0,0.0,0.0
300 BLOOR - DANFORTH,1,0.0,0.0,0.0,0.0,0.0,0.0,0.0,0.0,0.0
123 SHERWAY (RAD),1,0.0,0.0,0.0,0.0,0.0,0.0,0.0,0.0,0.0
RAD 63,1,0.0,0.0,0.0,0.0,0.0,0.0,0.0,0.0,0.0
RAD BUS,2,0.0,0.0,0.0,0.0,0.0,0.0,0.0,0.0,0.0
913 PROGRESS EXPRESS,1,0.0,0.0,0.0,0.0,0.0,0.0,0.0,0.0,0.0
9060,1,0.0,0.0,0.0,0.0,0.0,0.0,0.0,0.0,0.0
9584,1,0.0,0.0,0.0,0.0,0.0,0.0,0.0,0.0,0.0
HARVEY SHOP REPAIR PER,1,0.0,0.0,0.0,0.0,0.0,0.0,0.0,0.0,0.0
FLEET VEHICLE,1,0.0,0.0,0.0,0.0,0.0,0.0,0.0,0.0,0.0
32 (C) EGLINTON WEST,1,0.0,0.0,0.0,0.0,0.0,0.0,0.0,0.0,0.0
LINE 1,1,0.0,0.0,0.0,0.0,0.0,0.0,0.0,0.0,0.0
97C YONGE,3,0.0,0.0,0.0,0.0,0.0,0.0,0.0,0.0,0.0
968 WARDEN EXPRESS (RA,1,0.0,0.0,0.0,0.0,0.0,0.0,0.0,0.0,0.0
324 STEELES,1,0.0,0.0,0.0,0.0,0.0,0.0,0.0,0.0,0.0
353 STEELES EAST,1,0.0,0.0,0.0,0.0,0.0,0.0,0.0,0.0,0.0
LINE 2 SHUTTLE (RAD BU,1,0.0,0.0,0.0,0.0,0.0,0.0,0.0,0.0,0.0
LINE 2 SHUTLLE,1,0.0,0.0,0.0,0.0,0.0,0.0,0.0,0.0,0.0
109 RANEE - B BRANCH,1,0.0,0.0,0.0,0.0,0.0,0.0,0.0,0.0,0.0
320 YONGE (RAD),1,0.0,0.0,0.0,0.0,0.0,0.0,0.0,0.0,0.0
SRT,19,0.0,0.0,0.0,0.0,0.0,0.0,0.0,0.0,0.0
SHUTTLE LINE 1,2,0.0,0.0,0.0,0.0,0.0,0.0,0.0,0.0,0.0
SHUTTLE BUS - LINE 1,1,0.0,0.0,0.0,0.0,0.0,0.0,0.0,0.0,0.0
SHP,2,0.0,0.0,0.0,0.0,0.0,0.0,0.0,0.0,0.0
LINE 1 - SHUTTLE,1,0.0,0.0,0.0,0.0,0.0,0.0,0.0,0.0,0.0
LINE 1 SHUTTLE (600 RA,1,0.0,0.0,0.0,0.0,0.0,0.0,0.0,0.0,0.0
LINE 1 SHUTTLE (RAD),1,0.0,0.0,0.0,0.0,0.0,0.0,0.0,0.0,0.0
LINE 1 SHUTTLE BUS,3,0.0,0.0,0.0,0.0,0.0,0.0,0.0,0.0,0.0
REVENUE TRUCK 85,1,0.0,0.0,0.0,0.0,0.0,0.0,0.0,0.0,0.0
1 SHUTTLE BUS,1,0.0,0.0,0.0,0.0,0.0,0.0,0.0,0.0,0.0
VISION ISSUES,1,0.0,0.0,0.0,0.0,0.0,0.0,0.0,0.0,0.0
MT DENNIS TEST BUS,1,0.0,0.0,0.0,0.0,0.0,0.0,0.0,0.0,0.0
NIGHT TRADES,1,0.0,0.0,0.0,0.0,0.0,0.0,0.0,0.0,0.0
OTC,5,0.0,0.0,0.0,0.0,0.0,0.0,0.0,0.0,0.0
TBM,2,0.0,0.0,0.0,0.0,0.0,0.0,0.0,0.0,0.0
EMERGENCY SHUTTLE,1,0.0,0.0,0.0,0.0,0.0,0.0,0.0,0.0,0.0
FLEET,4,0.0,0.0,0.0,0.0,0.0,0.0,0.0,0.0,0.0
LINE 2 SHUTTLE - 600 R,1,0.0,0.0,0.0,0.0,0.0,0.0,0.0,0.0,0.0
CONSTRUCTION BUS,1,0.0,0.0,0.0,0.0,0.0,0.0,0.0,0.0,0.0
